0647,Aluminium lacquered twist action ballpen.,25 x 20,,1 x 13,Aluminium / Rubber
0927,Transparent PVC drawstring bag.,200 x 200,,35 x 46,Polyester 210D / PVC 0.2mm
0929,Bicycle cooler bag.,130 x 40,,22 x 15,Polyester 600D / PEVA
0933,Sports/travel bag in a 600D polyester. ,160 x 70,250 x 120,63 x 32,Polyester 600D / PVC backing
0934,Tote bag in a 600D polycanvas. ,180 x 120,,38 x 37,Polycanvas 600D
0935,Cooler bag in a 600D polyester material. ,100 x 80,,33 x 33,Polyester 600D / Polyester 420D / PEVA / Foam
0936,Document bag in a polyester 600D material.,200 x 100,,38 x 29,Polyester 600D
0939,Sports bag in a 600D polyester material. ,240 x 140,100 x 70,50 x 32,Polyester 600D
0942,Umbrella with automatic opening. ,130 x 80,,121 x 92,Fibreglass / Metal / Rubber finish
0945,Umbrella with automatic opening.,130 x 80,,107 x 82,Fibreglass / Plastic / EVA / Polyester 190T
0946,Backpack in 600D polycanvas.,130 x 80,,31 x 46,Polycanvas 600D
0947,Umbrella with automatic opening.,130 x 80,,105 x 85,Aluminium / Fibreglass / Metal / EVA / Pongee 190T
0948,Soft feel notebook. ,50 x 60,,9 x 14,Cardboard / Paper / PU
0954,Plastic push button ballpen. ,40 x 24,,1 x 14,ABS
0955,Drawstring backpack.,150 x 70,,34 x 43,PVC / Polyester 210D
0956,Plastic bubble blower and hand clapper.,20 x 6,,24 x 6,PVC / PE / PP
0957,Steel torch with 9 LED lights.,30 x 6,,3 x 10,Aluminium / Paper / EVA
0958,Charles Dickens mechanical pencil.,35 x 8,25 x 50,18 x 7,ABS / Aluminium / Metal / Paper / Velvet
0959,Large aluminium torch with one LED light. ,50 x 30,80 x 10,5 x 24,Aluminium
0960,Plastic and silicone safety wrist band.,17 x 17,,7 x 2,ABS / Silicone
0965,A5 Cork portfolio. ,100 x 100 ,,20 x 16,Cork / PU
0966,"A5, PU padded portfolio. ",35 x 100 ,,24 x 18,Polyester 210D / PVC 0.7mm
0967,"A4, PU padded portfolio. ",40 x 180 ,,33 x 26,Polyester 210D / PVC 0.7mm
0968,Plastic twist action ballpen. ,30 x 24,,1 x 14,ABS / Metal
0969,Plastic adjustable mobile phone holder.,35 x 7,,16 x 10,ABS / EVA
0970,Non-woven college bag. ,180 x 90,,36 x 29,Non-woven 130gr/m2
0971,Non woven 80gr coloured bag. ,220 x 100,,38 x 29,Non woven 80gr
0972,Non woven 80gr coloured bag. ,220 x 250,,38 x 42,Non woven 80gr
0973,Charles Dickens boxed set. ,70 x 35 ,,18 x 18,Aluminium / Cardboard
0976,Charles Dickens boxed set. ,70 x 60  ,,23 x 25,Aluminium / Cardboard / PU
1006,Fabric kitchen set.,"glove 90 x 70, holder 110 x 90, hat 150 x 30 apron 180 x 130 (temporarily inavailable)",,30 x 21,Poly cotton
1018,Plastic flashing ballpen,40 x 20,50 x 7,2 x 19,AS / AS / Metal
1020,Plastic case with five plasters,60 x 20,,4 x 10,PP / Latex / PP
1038,Charles Dickens metal ballpen ,45 x 6 ,,7 x 17,Metal / Mahogany / Plastic / Leather / Iron
1039,Stainless steel wine cooler,200 x 80,,12 x 19,Stainless Steel 14/1
1041,Steel champagne bucket,60 x 60 ,,22 x 21,Stainless Steel 14/1
1047,First aid kit in a drawstring bag. 11pc,50 x 35,,12 x 12,ABS / Polyester 210D
1052,Plastic triangular text marker.,35 dia,,8 x 9,ABS / ABS
1053,Plastic adjustable mobile phone holder.,19 dia,,11 x 7,ABS / TPR / Epoxy
1056,Meat thermometer. ,50 x 7,,6 x 7,ABS / Aluminium
1060,Syringe text marker,50 x 10 ,,2 x 14,ABS / AS
1063,Syringe ballpen,40 x 14,40 x 7,2 x 13,AS / Wax
1065,Mini highlighter with clip,20 x 20,,3 x 3,AS / PP
1071,"Text marker, five colours",40 dia,,10 x 2,ABS / PP / ABS
1080,Charles Dickens® ballpen.,35 x 5,,23 x 16,Copper
1081,Charles Dickens metal ballpen,35 x 7 ,40 x 40,18 x 7,ABS / Velvet / Metal
1085,Charles Dickens metal ballpen ,30 x 10 ,40 x 40,18 x 7,ABS / Paper / Velvet / Metal / Nickel plated
1096,Charles Dickens metal ballpen ,30 x 6 ,,7 x 17,Wood / Plastic / Iron / Velvet / Metal
1105,"Small felt tip pens, 12pcs.",40 x 20,,10 x 4,PP / Cardboard / Plastic / Nylon 420D
1108,Set of 12 coloured pencils.,45 x 25,,19 x 10,Tin / Lime tree
1110,Hand cleaning spray. ,50 x 13,50 x 18,14 x 2,PP / Ethyl alcohol 62% / PP / PP
1116,ABS nurse watch with silver and white coloured digits. ,30 x 10,,8 x 4,ABS / Aluminium / Stainless Steel 201
1124,"Bone China mug, 370ml capacity, (sold per 48 pcs)",65 x 35,,8 x 11,Porcelain
1134,EVA foam sailing boat key holder.,25 x 30,,5 x 8,Nylon / EVA / Steel
1137,Charles Dickens ballpen. ,30 x 20,30 x 8,16 x 7,ABS / Copper / PU
1140,Plastic phone style calculator. ,45 x 18,,6 x 12,ABS / PS
1152,Key holder with fibre cloth,30 x 20,,7 x 5,Plastic / Vinyl / Microfibre
1153,Flashing heart ballpen ,40 x 20,40 x 7.5,1 x 20,Metal / PVC / AS
1165,Plastic adjustable mobile phone holder for a bike. ,55 x 10,,13 x 7,ABS / Rubber
1167,"Baltic floating key holder, oval ",50 x 20,,8 x 3,Nylon / EVA / Iron
1171,Anti stress heart and key holder,20 x 15,,5 x 5,PU Foam / Metal
1190,Oval shaped paperweight. ,40 x 15 ,,9 x 7,ABS / Iron
1207,"Animal pencil, 50 assd per pack",50 x 6,,1 x 21,Nylon / Graphite / Lime tree
1211,Plastic ballpen with LED torch,30 x 10,,2 x 13,ABS / Nylon
1220,Plastic virtual reality glasses,60 x 15,,22 x 13,ABS / Metal / Latex / Polyurethane
1305,Key shaped bottle opener with LED light. ,20 x 5,,7 x 3,Metal / Silicone / LED
1306,Plush polar bear in a reflective hoodie with a key ring.,n/a,,12 x 9,Aluminium / Glass / Polyester / PP
1342,First aid kit in a nylon pouch,60 x 20,,13 x 9,Polyester 600D
1361,Candle in a tin,40 dia ,50 dia,6 x 5,Paper / Tin / TPU / Wax
1367,First aid kit in a nylon pouch ,25 x 25,90 x 15,11 x 12,Nylon 210D
1374,Waterproof first aid kit ,45 x 45,,10 x 12,Plastic / Nylon
1387,First aid kit in a plastic case,35 x 35,,6 x 9,PP
1424,3M reflective strips for bicycle spokes.,n/a,,1 x 7,ABS / 3M reflective / Paper 600 gsm
1439,Nylon (190T) fluorescent runners jacket. ,60 x 60,100 x 90,70 x 55,Nylon 190T
1447,Cotton twill and plastic five panel cap. ,70 x 35,,18 x 13,Cotton / Plastic / PE / Mesh
1450,Five panel acrylic cap. ,80 x 40,,18 x 15,Acrylic / PE / Velcro
1484,Heart plastic mint card. ,50 x 30,,8 x 7,PP
1503,Foldable hair brush with mirror,70 x 20 ,,11 x 4,PVC / Nylon / ABS
1587,Heavy brushed cotton cap with six panels. ,80 x 50,,18 x 15,PE / Velcro / Cotton  10x10
1616,Mint tin with approximately forty sugar free mints.,35 dia,,5 x 2,Metal
1651,Plastic double pocket mirror.,50 dia,,7 x 1,PS / Glass
1658,Plastic single mirror,45 dia,,6 x 1,PS / Glass
1741,Fleece hat.,100 x 25,,27 x 16,Fleece 200gr/m2  Non Anti-Pilling
1743,Fleece scarf.,100 x 60,,150 x 25,Fleece 200gr/m2  Non Anti-Pilling
1745,Fleece cap and scarf.,100 x 40,100 x 100,150 x 25,Fleece
1761,Fleece blanket,90 x 40 ,,160 x 125,Polar Fleece / Polar fleece 165g/m2 / Nylon
1783,Plastic piggy bank,35 x 25,30 x 15,10 x 8,PVC
1825,Metal bottle opener with LED light and tape measure. ,35 x 15 ,,13x 3,ABS / Iron / Steel / LED
1834,Earphones in a plastic case.,45 x 25,50 dia,7 x 2,ABS / Metal / PVC / PS / Silicone
1836,"Flexible plastic ruler, 30cm/12"".",70 x 15 ,,32 x 1,PVC
1837,Silicone ear plugs.,25 x 15,,5 x 3,PP / Silicone
1838,Neoprene zipped water resistant bag. ,60 x 15,,5 x 74,Plastic / Neoprene / Rubber
1840,Plastic computer lamp,28 x 28,,11 x 6,ABS / Steel
1842,Plastic piggy bank. ,30 x 20,,7 x 9,PVC
1855,Plastic three digit combination lock.,30 x 10,,2 x 6,ABS / Iron
1861,Plastic key holder and shopping trolley coin. ,18 dia,,6 x 3,PP
1877,PVC bag which can be sealed. ,120 x 110,,15 x 32,Plastic / Nylon / PVC 0.36mm
1886,Reed diffuser. ,n/a,,3 x 18,Glass / Reed
1906,Piggy bank made of plaster,n/a,,11 x 8,Aluminium / Wood / Horsehair / Aquarelle paint / Dolomite
1921,Fleece travel blanket ,100 x 50,,31 x 17,Velcro / Polar fleece 165g/m2
1923,Fleece blanket,60 x 50 ,,35 x 25,Nylon / Fleece 150g/m2
1987,Key holder with coin (€0.50 size),35 x 18,,7 x 3,PS / Metal
1991,Bottle opener with LED light,25 x 20  ,33 x 28,7 x 4,Plastic / Metal
1992,Key holder with a light,40 x 12,20 x 10,6 x 2,ABS / Metal
2019,Ballpen with card barrel,40 x 20,,1 x 14,Cardboard / ABS / ABS / ABS
2055,Metal ballpen ,30 x 6,,18 x 7,Cardboard / EVA / Copper / Metal
2057,Metal ballpen and rollerpen,30 x 6 ,,18 x 7,Cardboard / EVA / Copper / Metal
2063,Digital weather station,40 x 10,,9 x 13,HIPS / HIPS / LCD / HIPS
2091,Solar charger. ,35 x 60,,5 x 10,ABS / Metal / PVC
2126,Non-woven 80 gr/m2 foldable car organizer. ,95 x 100,,28 x 34,Cardboard / Non woven 80gr
2127,ECO Non-woven pencil case with contents.,70 x 20,,10 x 24,Pinewood / Non woven 80gr / paper 70 gsm / Cardboard 250 gsm
2128,Cooler bag with a plastic lunch box. ,70 x 20,90 x 35,17 x 25,Plastic
2130,"House tape measure, 2m",32 x 22 ,,5 x 5,ABS / Steel 60C
2131,"Tape measure, 1.5m",30 x 20,,7 x 5,ABS / Metal
2132,Kitchen set. ,70 x 70,50 x 8,29 x 13,Silicone
2138,Garden set.,n/a,,37 x 17,EVA
2139,Pom-Pom with coloured bands of foil. ,50 x 20,,40 x 15,Plastic
2140,Laptop bag made from 600D polycanvas.,200 x 60,,33 x 23,Polycanvas 600D
2146,Plastic breakfast mug. 350ml,27 x 8,30 x 10,9 x 16,PS / PP / Silicone
2147,Tape measure - 2m,30 x 25,,8 x 6,ABS / Metal / Paper
2151,Aluminium torch in shape of a baseball bat.,100 x 10,,4 x 36,Aluminium
2153,6.3 litre glass drink dispenser. ,n/a,,22 x 45,ABS / Glass / Iron
2183,Charles Dickens® ballpen. ,45 x 8,25 x 50 ,18 x 6,ABS / Aluminium / Paper / Copper / Nickel
2189,Patterned or silver tin.,50 x 50,,10 x 9,Tin
2199,Mini tool set,70 x 12 ,,3 x 2,ABS / Steel
2211,"Light ballpen, blue ink",27 x 10,,2 x 15,Plastic / Copper
2224,Eight delicious Dutch waffles. ,n/a,,8 x 7,Treacle waffle
2225,Drawing set,45 x 15 ,,18 x 8,Acrylic / Cardboard / Metal / Paper / Wax
2226,Art set,35 x 30,,13 x 15,Cardboard / Plastic / Aquarelle paint / Lime tree
2237,Plastic foldable desk light. ,50 x 35,,19 x 11,PC
2278,PU notebook with matching colour ribbon marker.,60 x 35,,21 x 16,PU / paper 70 gsm
2280,Silicone wristband in vibrant colours ,15 x 8,,6 x 1,Metal / Silicone
2284,350ml Protein shaker.,30 x 60,,10 x 23,PE / PP
2287,340ml Transparent coloured plastic mug. ,30 x 60,,10 x 20,PS / PP / PS / Silicone
2289,Pair of earphones.,35 x 20,,7 x 7,ABS / PVC / PS / Silicone
2314,"Bag with long handles, Colours",250 x 250 ,,42 x 38,Cotton 110/gr m2
2315,"Bag with short handles, Natural",250 x 250 ,,40 x 37,Cotton 110/gr m2
2318,Dutch stroop caramel waffles. ,50 x 50,,10 x 9,Tin
2324,24 mind games,25 x 25 ,,26 x 17,Cardboard / Metal / PS
2326,Wallet with two decks of cards,100 x 50,,11 x 17,Paper / Wood / Nylon / Paper
2331,Skipping rope with a counting LCD display.,35 x 15,,3 x 18,ABS
2342,"Bag with long handles, Natural",250 x 250,,42 x 38,Cotton 110/gr m2
2346,"Football game, self assembly ",150 x 30,,50 x 31,Plastic / MDF / Plastic / Iron
2350,"Key holder, €1 trolley disc ",20 x 20,,10 x 5,Metal / Zinc alloy / Iron
2372,Shirt  inserts for item 5157,n/a,,4 x 5,Paper
2373,Square inserts for item 2401,n/a,,3 x 4,Paper
2376,Round inserts for item 5159,n/a,,Dia 4,Paper
2398,Key holder with LED light,20 x 15,,3 x 1,ABS / Metal
2401,"Key ring, unassembled only",n/a,,4 x 9,Plastic Crystal 1840 / Metal
2411,Small push button torch ,15 x 10 ,,2 x 5,ABS / Acrylic / Steel
2413,Plastic set square.,50 x 20,,16 x 8,PS
2414,Plastic alcohol tester on a key chain.,25 x 15,,4 x 7,ABS / Metal / LED / ABS / Iron
2419,Key chain with light,20 x 12,20 x 7,3 x 10,ABS / Metal
2425,Plastic pen set.,40 x 30,,6 x 14,ABS / Metal
2430,Ballpen with black ink and rubber tip. ,40 x 8 ,,1 x 13,ABS / Metal / Rubber
2432,Six colour pencil set ,35 x 50,,5 x 9,Cardboard / Lime tree
2437,Black Swan plastic ballpen with black ink. ,35 x 20,35 x 7,1 x 15,ABS
2438,"Art set, 56p",n/a,,20 x 17,Cardboard / Plastic / Wax / Beechwood / Paper
2442,White Swan ballpen with black ink.,35 x 20 ,35 x 7,1 x 15,ABS
2460,Witch pencil,40 x 8,,2 x 22,Wood / Cotton
2468,Twelve colour pencil set,50 x 30,,9 x 9,Cardboard / Lime tree
2474,Coloured pencil set ,50 x 50,,10 x 18,Cardboard / Lime tree
2478,Flower ballpen,40 x 8,,1 x 16,Wood
2495,12 Colour pencils with sharpener,40 x 17,40 x 70,4 x 11,ABS / Metal / Lime tree / Cardboard
2497,6 Colour pencils with sharpener,40 x 14,40 x 50,2 x 10,ABS / Metal / Lime tree / Cardboard
2498,Animal ballpen,40 x 8,,2 x 15,Wood / Iron
2520,Plastic sandwich shaped lunch box,55 x 55,,13 x 12,PP
2532,Christmas stuffed animal with blanket ,n/a,,15 x 17,"Polyester 100%, Fleece 180g/m2"
2540,Plastic key holder compass.,20 x 20,40 x 20,9 x 3,Plastic / Metal
2541,"Pencil, unsharpened",45 x 15,50 x 6,1 x 19,Metal / Rubber / Lime tree
2544,Key holder with compass,25 dia,,4 x 1,ABS / Metal / Iron
2545,School set ,90 x 15,,21 x 4,Plastic / Metal / Pinewood
2546,Domino game.,70 x 20 ,,15 x 5,Firewood
2548,Mikado game in wooden box,70 x 20,,19 x 4,Pinewood / Polywood
2553,Games set,70 x 25,,11 x 10,MDF / Hardwood / Paper
2555,Wooden yo-yo,40 dia,,5 x 3,Pinewood
2573,Foldable car organizer. ,120 x 80,,32 x 26,Metal / Rubber / Polyester 600D
2578,Wooden bat and ball set,150 dia,,38 x 24,Plastic / PE / MDF / Nylon
2582,Beach ball game set,120 x 120,,38 x 24,Plastic / Polywood / Nylon
2591,Plastic ballpen with blue ink. ,40 x 20,,1 x 14,ABS
2595,Plastic round salad box. ,100 x 70,,20 x 6,PP
2599,Badminton set ,100 x 50,,21 x 3,Nylon / Metal / Plastic / Steel
2602,PVC coin purse. ,30 x 30,,10 x 10,PVC
2613,Drinking mug ,130 x 30,40 x 35,8 x 18,PP / Plastic / Paper / PS / PP
2617,Barbecue set,40 x 20,,26 x 50,Aluminium / Cardboard / Plastic / Aluminium paper / Stainless Steel 18/0
2631,"Barbecue set, 6pc ",80 x 70,,49 x 43,Stainless Steel 18/0 / Hardwood / Nylon 600D / Nylon 1000D / SS 2CR13
2634,Temperature gauge ,20 x 20,,4 x 36,ABS / LCD / Stainless Steel 304
2636,Thermometer,50 x 13,15 x 13,12 x 2,ABS / LCD
2637,Barbecue set ,40 x 18 ,,38 x 10,Aluminium / Cardboard / Plastic / Aluminium paper / Stainless Steel 18/0
2642,Plastic 5pc cookie cutter set. ,70 dia,,11 x 5,PP
2645,Picnic rucksack for four people,100 x 100,,21 x 25,PU / PEVA / Polyester 600D
2669,Pocket mirror with brush,30 dia,,7 x 3,ABS / Glass
2691,Lipstick ballpen with blue ink,20 x 12,18 x 10,2 x 10,ABS
2693,Car ballpen.,20 x 8,10 x 10,12 x 3,Plastic / Rubber
2715,Recycled notebook. ,60 x 60 ,80 x 170,14 x 18,Cotton / Paper / paper 70 gsm / Metal
2724,Whistle with wrist cord,15 dia ,,6 x 11,ABS
2731,Aluminium photo frame,100 x 20 ,,21 x 16,Aluminium
2736,Notebook with pen,40 x 40,,8 x 11,ABS / Paper
2749,PVC Pinch wallet.,45 x 25,,10 x 10,Metal / PVC
2758,Key wallet,50 x 25,,11 x 8,PVC / Nylon 600D
2762,Leather key wallet with metal ring and zipper.,70 x 30,,11 x 7,Leather
2785,Pencil set,25 x 25,,5 x 10,Wax / Wood / ABS / Metal / Cardboard
2786,Pencil holder with 6 pencils,40 x 15,45 x 60,3 x 13,poplar
2788,"Crayon set in card box, 6pc",35 x 50,,9 x 5,Cardboard / Paper / Wax
2790,"Crayon set in card box, 12pc",50 x 40 ,,9 x 10,Cardboard / Paper / Wax
2792,"Crayon set, 30pc ",25 x 25,40 x 100,6 x 11,Cardboard / Wax
2794,"Artists set, 68pc",n/a,,32 x 21,Wood / Paper / Wax / Plastic / Paper
2797,Chalk in six different colours.,50 x 40 ,,15 x 14,Calcium Sulphate / Cardboard
2799,Pencil with eraser,50 x 4,,1 x 35,Rubber / PVC
2807,Hip flask,45 x 45 ,,18 x 16,Stainless Steel 304
2810,Aeroplane key holder.,20 x 15 ,,4 x 7,Zinc / Iron
2822,Bottle opener,22 x 5,,8 x 1,Metal / HIPS / Polystyrene
2834,"Mug, 250ml. WHITE & COLS",60 x 60,190 x 60,9 x 10,Porcelain
2848,Ceramic mug. 170ml.,80 x 55,170 x 55,7 x 8,Earthenware
2855,Coffee mug with spoon,40 x 30 ,,8 x 11,Earthenware / Ceramic / Earthenware / Ceramic
2880,"Ceramic mug with chalk, (sold per 36 pcs)",45 x 35 ,,8 x 10,Ceramic
2889,Notebook with a soft PU cover,50 x 60,,9 x 14,Cardboard / Paper / PU
2889,lowest price,50 x 60,,n/a,
2917,20cm Ruler with calculator,40 x 22,,21 x 5,ABS / Rubber
2959,30cm Plastic ruler with two pencils.,45 x 15 ,50 x 20,32 x 4,Wood / Graphite / PS
2980,Drawing mug,n/a,,10 x 9,PP / Paper / PS
3006,Metal ballpen and rollerpen. ,30 x 7 ,,17 x 7,PU / Metal / PU
3011,Cardiff ballpen with silver barrel.,45 x 8,,2 x 14,ABS / Steel / AS / ABS / ABS
3015,Newport ballpen with blue ink.,45 x 8,,2 x 14,ABS / Steel / AS / ABS / ABS
3018,Cardiff ballpen with white barrel.,55 x 7,,1 x 14,ABS / Metal
3020,Voltaire ballpen with blue ink.,35 x 7 ,45 x 5,1 x 14,Aluminium / Metal
3035,Rimini ballpen with blue ink.,33 x 20,,1 x 13,ABS / AS / Alloy / Metal
3050,A4 PU Folder with magnetic closing. ,70 x 35 ,,26 x 32,Metal / PU / Velvet
3053,Polyester 240D backpack. ,120 x 30,,29 x 40,Polyester 240D
3070,550ml Plastic cocktail shaker with integral strainer.,30 x 50,,8 x 22,HIPS
3073,Flexi man alarm clock.,18 x 12,20 x 12,8 x 10,ABS / PVC / LCD
3076,Notebook with a soft PU cover,80 x 80,70 x 60 deboss/foil front or deboss/foil back,14 x 21,Cardboard / Paper / PU
3099,Wire bound notebook.,40 x 40 ,,12 x 15,Cardboard / Metal / Paper
3106,"Metz ballpen, blue ink.",35 x 20,35 x 4 ,1 x 13,Copper
3115,Bookmark made from card ,40 dia,,22 x 6,Paper
3117,Pen shaped pocket screwdriver.,35 x 10  ,,2 x 13,Metal / Stainless steel
3120,Felt Christmas hat ,200 x 40,,40 x 30,Felt
3127,Friday afternoon hammer.,45 x 10,15 x 15,26x 4,PVC / Carbon Steel
3129,Aluminium luggage tag ,45 x 20 ,,9 x 4,Aluminium
3132,Luggage tag,40 x 20,,9 x 5,Paper / Polystyrene
3133,Plastic ID pass holder ,20 x 20,,5 x 9,ABS / PA / Nylon / Denim
3141,"Tape measure, 2m",30 x 30,,7 x 6,Metal / Rubber
3143,"Tape measure, 3m",30 x 30,,7 x 6,Metal / ABS / Rubber
3144,Escape ballpen and pencil set,40 x 12,40 x 2,18 x 6,Aluminium / Iron / Iron
3145,"Tape measure, 5m",35 x 35,,8 x 7,Metal / Plastic / Rubber
3148,Luzern ballpen with blue ink.,14 x 20,50 x 10,1 x 14,Aluminium / Iron / Iron
3167,Luggage tag,40 x 40,,6 x 10,ABS / PVC
3177,White porcelain cup and saucer.,50 x 20,,12 x 6,Porcelain
3179,Super white porcelain cup and saucer.,50 x 20,,15 x 7,Porcelain
3180,Pass holder with 60cm cord,15 dia ,,4 x 12,ABS / Aluminium / Nylon / Iron
3182,Ski pass holder with 80cm cord,15 dia ,,3 x 2,ABS / Metal / PVC / Nylon
3190,Plastic car power adapter. ,20 x 10,,2 x 6,ABS / Metal
3195,Plastic UV watch,n/a,,4 x 24,PVC
3199,"Weather station, 2 pin & batt ",50 x 12,35 x 20,3 x 11,ABS / Acrylic / PS
3202,Plastic 500ml protein shaker. ,30 x 30,20 x 60,9 x 22,PE / PP
3203,Plastic 356ml drinking mug. ,30 x 20,,9 x 11,PP / Silicone
3208,Stackable porcelain mug.,50 x 60,,8 x 9,Porcelain
3247,Polyester 240D messenger bag. ,n/a,,35 x 28,Polyester 240D
3262,Plastic 30cm wall clock. ,30 x 15,,32 x 4,Aluminium / Plastic
3280,Plastic car power adapter. ,20 x 10,,3 x 6,Plastic
3283,Silicon arm strap with two LED lights. ,30 x 10,10 x 6,4 x 19,ABS / Silicone / TPR
3298,"Pen set, ballpen and pencil",40 x 20,30 x 6,16 x 5,Aluminium / Tin
3306,Hearn four colour ink ballpen ,25 x 12,,2 x 14,ABS / TPR
3321,Carman ballpen with blue ink.,30 x 18,,1 x 15,AS / AS / Rubber / AS / AS
3322,Plastic portable electronic fan. ,40 x 13,,10 x 3 cm,ABS / PVC
3337,Classic ballpen and rollerpen,30 x 15 ,,8 x 17,Iron / Carbon Fibre / Brass
3338,Classic ballpen ,30 x 12 ,,17 x 8,Iron / Carbon Fibre / Brass
3347,Salzburg steel ballpen with black ink.,35 x 20,35 x 8,1 x 13,Stainless steel 202 / Iron / Plastic
3359,Sienna pen set,30 x 8,25 x 20,5 x 16,Aluminium / Copper / PU
3363,A4 PVC folder.,30 x 10 ,,25 x 32,Metal / Microfibre / Paper / PVC
3376,Swarovski twist action ballpen ,35 x 8 ,,18 x 7,Cardboard / Copper / Metal / Swarovski elements / Nikkel plated
3390,Mirate ballpen with blue ink.,30 x 8,,2 x 14,ABS
3398,Storm ballpen with black ink.,35 x 10,,1 x 14,AS / AS / Rubber / AS / AS
3403,A4 Zipped PVC folder.,35 x 10 ,,27 x 35,Metal / Microfibre / Paper / PVC
3440,Set of three gel markers.,50 x 18,,8 x 7,ABS / PS / ABS
3444,Ballpen with blue ink.,20 x 20,45 x 8 ,1 x 14,ABS / Aluminium / Steel
3445,Set of three gel markers. ,40 x 40,,5 x 10,ABS / PS / PP
3447,Plastic bicycle light. ,15 x 8,,11 x 5,Plastic / Silicone
3448,Ballpen with black ink.,30 x 20,40 x 6,18 x 4,Aluminium / Metal / Tin / EVA
3461,Reed diffuser with one 100ml glass bottle of vanilla fragrance. ,60 x 40,,26 x 6,Glass / Reed
3463,"Stackable porcelain cup and saucer, (sold per 36 pcs)",30 x 50,,13 x 7,Porcelain
3467,Plastic retractable ballpen with blue ink.,40 x 6,,1 x 14,ABS / Steel
3474,"Stackable porcelain cup and saucer, (sold per 36 pcs)",30 x 40,,13 x 6,Porcelain
3481,500ml Travel mug. ,55 x 30 ,,9 x 19,PP / Stainless Steel 201
3486,USB drive (16GB) with twist mechanism to protect the plug,25 x 12,,5 x 2,"ABS, Iron"
3487,House-shaped card memo holder. ,50 x 30,,7 x 11,Cardboard / PET / paper 70 gsm
3514,Four piece plastic manicure set. ,50 x 15,,13 x 2,ABS / Metal / Steel / PS / Steel
3519,Polyester backpack. ,120 x 70,,39 x 30,Polyester 600Dx300D
3539,Bubble gun ,40 x 15,,14 x 13,PE / PS / PP
3541,Plastic water gun,25 x 15,,11 x 13,PE / PS
3546,"Plastic container with lid made of tin,  12 gr of sugar free mints. ",35 dia,,5 x 2,Plastic / Tin
3557,Polyester 600D document bag. ,170 x 60,,30 x 37,Polyester 600D
3560,Polyester laptop bag.,150 x 75,,27 x 37,Polyester 600D
3562,Polyester 600D travel bag. ,140 x 90,90 x 70,32 x 58,Polyester 600D / PVC backing
3572,Sports/Travel bag.,190 x 80,,57 x 30,Polyester 600D
3575,Trolley shopping bag.,140 x 70,,31 x 42,PP / Polyester 210D
3576,Backpack in a 600d polyester. ,120 x 90,,32 x 43,Polyester 600D
3582,Notebook and ballpen set. ,50 x 60,50 x 5,13 x 17,Aluminium / Cardboard / Paper / PVC
3586,House bookmark,40 x 25,,6 x 22,Paper
3588,Hand sanitizer gel ,12 dia,,3 x 6,PET
3589,"Hand spray, 20ml",45 x 30,,9 x 6,PET
3598,Pencil case. ,90 x 35,,21 x 10,Polyester 420D
3599,House shaped key holder,30 x 15,,7 x 5,Zinc / Metal
3601,House shaped key holder,15 x 6,23 x 23,7 x 3,Zinc / Metal / Iron
3604,Six can polyester cooler bag.,110 x 60,,21 x 13,Polyester 420D
3609,Cooler/lunch bag. ,90 x 40,,18 x 27,Polyester 420D
3610,Non-woven bag ,240 x 240 ,,38 x 40,Non woven 80gr
3614,26pc Tool set. ,90 x 50,,14 x 20,Aluminium / EVA / Iron
3615,Car shaped metal key holder,12 x 12,,4 x 6,Zinc / Metal
3620,Computer lamp.,45 x 10,,1 x 38,Aluminium / Iron / LED
3637,Polyester 600D cooler. ,100 x 50,80 x 40,20 x 27,PVC / Polyester 600D
3639,USB desk fan.,30 dia ,,15 x 15,PP
3648,Cheese board. ,100 x 15,,30 x 14,Rubberwood / Stainless steel
3656,Six can cooler bag.,100 x 30,,20 x 13,Non woven 80gr / Aluminium foil
3675,Plastic box for an apple.,40 x 25,,11 x 10,PP
3684,Pen holder with clock,40 x 20 ,,6 x 11,ABS / Acrylic / LCD
3685,Desk tidy and clock.,38 x 15,,14 x 7,ABS / Metal / PU
3690,Anti stress decision maker.,35 x 35,,6 x 6,PU Foam
3691,Metal opener,26 x 10,,2 x 1,Zinc
3702,Anti stress dice.,35 x 35,,6 x 6,PU Foam
3710,Foldable nylon frisbee,170 dia ,,9 x 1,Metal / Nylon
3712,Anti stress truck. ,60 x 15,,15 x 4,PU
3724,Salt and pepper mill,35 x 10 ,20 x 30,4 x 11,Aluminium / PP / Stainless Steel 304
3725,Hand shaped five colour plastic text maker.,40 x 30,,8 x 10,PP
3735,Plastic compass ,15 x 15,20 dia ,10 x 6,Plastic / PVC / PP
3739,Plastic cooler/ice bucket.,70 x 40,,25 x 22,PS
3750,Aluminium and plastic credit/business card case,60 x 30 ,40 x 30,11 x 8,Aluminium / Plastic
3751,500ml Stainless steel tumbler.,45 x 30,170 x 30,8 x 18,PP / Stainless Steel 201 / Silicone
3764,Polyester 600D cooler bag. ,100 x 80,140 x 40,20 x 27,PVC / Polyester 600D
3769,Car battery charger set. ,100 x 70,,24 x 18,Nylon 600D
3770,Plastic fly swatter.,70 x 15,,45 x 10,To be specified
3772,Nylon foldable hand held fan. ,45 x 20 ,,8 x 9,ABS / Polyester / Nylon 190T
3783,Plastic light-up yo yo.,25 dia,,6 x 4,Cotton / PS
3786,"Binoculars, 8 x 21",35 x 10,20 x 6 ,10 x 7,ABS / Aluminium / Rubber
3788,Wooden ballpen. ,23 x 10,,1 x 14,Metal / Bamboo
3789,"Binoculars, 8 x 22",35 x 20,30 x 10 ,11 x 8,ABS / Rubber
3801,Polyester 600D document bag. ,160 x 100,,39 x 28,Polyester 600D
3804,Bamboo ballpen.,50 x 20,,1 x 14 cm,Metal / Bamboo
3808,Aluminium ballpen with blue ink. ,23 x 20,50 x 7 ,1 x 14,Aluminium / Metal
3826,Cotton sun hat,70 x 40,,25 x 13,Cotton
3832,Metal ballpen with rubber tip.,45 x 20 ,,1 x 14,Aluminium / Metal / Rubber
3836,Shoe polish set in deluxe PU case,60 x 20,,7 x 17,Wood / PU / Cotton / Plastic / Wax
3853,Plastic travel tooth brush,50 x 12,,10 x 2,Nylon / PS
3854,Large sports bag ,120 x 80 ,,65 x 36,Polyester 600D
3857,Stylus for a capacitive screen.,40 x 10,,1 x 9,ABS / Rubber
3858,Pair of foam ear plugs.,30 x 10,,2 x 7,Polyester / PP / Sponge
3859,Foldable (3x mag) binoculars ,50 x 20,,10x 9,Plastic / Paper 350 gr
3865,Charles Dickens ballpen. ,30 x 20 ,,18 x 4,Copper / Paper
3868,Eight colour plastic ballpen. ,30 x 25 ,,2 x 14,ABS
3878,220ml Folding drinking cup. ,45 dia,,7 x 3,Aluminium / PET
3879,600ml Foldable drinking bottle.,25 x 16,,9 x 11,PE / PS
3880,Rubber tip suitable for capacitive screens.,18 x 9,,10 x 2,ABS / Iron / Silicone
3940,Oil-vinegar and salt-pepper holders.,50 x 20,,23 x 19,Glass / Tin
3951,Steel and glass salt and pepper mills.,26 dia,,7 x 14,Glass / Stainless steel / Ceramic
3953,Jute duffel bag. ,100 x 100,,23 x 45,Cotton / Jute 260 gr/m2
3956,Juggling ball,30 x 20,,5 x 5,Plastic / PP / PVC
3965,Anti stress ball ,25 dia,,Dia 6,PU Foam
3972,Jute and cotton beach bag. ,150 x 90,,37 x 20,Jute 375 gr/m2
3973,Three ball juggling set ,30 x 20,,5 x 5,Plastic / PVC / Cotton
3993,Ballpen with bamboo barrel,40 x 25,,1 x 14,ABS / Bamboo
4006,Multifunctional zipped neck pillow.,100 x 40,,58 x 11,Polyester 190T / Polyester 100% / Microfleece 180g/m2
4011,Automatic umbrella ,120 x 80,,90 x 104,Metal / Polyester 190T / Multiplex
4032,Plastic twist action ballpen. ,45 x 24,,1 x 14,ABS
4050,Desk calculator,50 x 20,35 x 15,20 x 11,ABS / Glass / LCD / Glass
4055,Foldable nylon umbrella,120 x 80,,95 x 25,Metal / Polyester 190T
4058,Umbrella ,120 x 80,,130 x 100,Metal / Polyester 190T
4060,Plastic ballpen with black ink.,45 x 24,,2 x 14,ABS
4064,Umbrella,140 x 90 ,,103 x 83,Metal / Polyester 190T
4066,Golf umbrella,180 x 100,,130 x 103,Metal / Polyester 190T
4068,Umbrella with reflective border ,150 x 100,,102 x 90,Metal / Polyester 190T / Multiplex
4070,Classic umbrella,130 x 80 ,,103 x 90,Metal / Polyester 190T / Multiplex
4073,Plastic citrus squeezer. ,25 x 12,,14 x 12,PP
4087,Sports/golf umbrella ,140 x 100 ,,130 x 102,Metal / Nylon 210D
4088,Automatic umbrella ,110 x 70,,"98,5 x 83",Metal / Polyester 170T
4089,Storm-proof vented umbrella ,160 x 90 ,,130 x 100,Metal / Polyester 190T
4092,Folding umbrella,100 x 60 ,,90 x 35,Plastic / Iron / Polyester 190T
4096,Umbrella with silver underside,150 x 90,,104 x 83,EVA / Polyester 190T
4104,Telescopic umbrella ,180 x 100,,98 x 25,Plastic / Metal / Polyester 210T
4109,Plastic pizza cutter and bottle opener.,40 x 20,,6 x 13,PS
4118,"25"" Manual opening umbrella ",150 x 90,,113 x 91,Metal / Pongee 190T / Multiplex
4119,Charles Dickens umbrella,150 x 90,,114 x 90,Fibreglass / Leather / Metal / Rubber / Pongee 190T
4123,Nylon umbrella ,150 x 90,,105 x 90,Aluminium / Metal / Nylon / Pongee
4126,Phone armband with reflective trim.,50 x 12,,17 x 40,Neoprene / PVC / Velcro
4136,Double canopy umbrella ,150 x 90,,105 x 89,Metal / Nylon 190T / Multiplex
4141,Umbrella with automatic opening.,180 x 100,,102 x 84,Metal / Nylon / Polyester 190T / Multiplex
4142,Golf umbrella,180 x 100,,130 x 105,Wood / Metal / Nylon / Polyester 190T / Steel
4145,Classic umbrella ,100 x 80,,110 x 92,Plastic / Pongee 190T / Multiplex
4147,Classic umbrella ,110 x 80,,112 x 93,Metal / Pongee 190T / Multiplex
4154,"Bag hook, metal ",20 dia ,25 x 25,4 x 1,Metal / Rubber / Zinc alloy
4161,Lanyard and key holder,n/a,,80 x 3,Plastic / Metal / Polyester
4164,Lanyard with sliding PVC badge,40 x 8,,1 x 56,Plastic / Metal / Nylon / Polyester / PVC
4188,"Beach ball, 35cms deflated",130 x 65,100 x 50,Dia 26 cm,PVC
4199,Aluminium power bank. ,60 x 15 ,50 x 12,2 x 2,Aluminium
4200,Plastic power bank. ,60 x 15,,3 x 3,ABS
4213,Rollor® travel suit carrier. ,37 dia,,20 x 23,
4214,Rollor® travel tie carrier. ,21 dia,,2 x 11,
4223,Jute bag with a cotton front pocket.,260 x 140,,41 x 37,Cotton / Jute 325 gr/m2
4227,Protein shaker. 700ml,30 x 70,,10 x 22,PP / PE
4235,Clear safety glasses.,20 x 20,,16 x 6,PC
4290,Polyester micro mink anti-pilling blanket,70 x 35,,120 x 155,Polyester 100%
4290,Polyester (190gr/m2) blanket ,70 x 35,,120 x 155,Polyester 100%
4292,Tritan plastic water bottle. ,30 x 70,170 x 40,"7,8 x 25",PVC / Silicone / Tritan
4293,Tritan water bottle. ,30 x 30 ,,"7,2 x 28",PP / TPR / Tritan
4297,A4 Cork portfolio. ,140 x 80,100 x 70 ,31 x 24,Cork / Paper / PU
4312,Plastic ballpen with rubber tip and blue ink. ,40 x 15,,3 x 10,ABS / PS / PP / Silicone / PU Foam
4314,450ml Thermos flask.,30 x 60 ,,8 x 22,Rubber / PP
4338,"Cotton, 12oz beach bag. ",240 x 140,,34 x 55,Cotton / Polyester
4343,Polyester 600D document bag. ,200 x 100,200 x 45,28 x 38,Polyester 600D
4345,Polyester 600D beach bag. ,130 x 120,,36 x 40,600D/PVC
4353,Plastic wind up whirlabout. ,20 x 15,,12 x 7,ABS / PS
4388,Polyester 600D beach bag. ,100 x 90,160 x 120,39 x 45,Polyester 600D
4418,Plastic desk clock ,30 x 10,30 x 5,56 x 11,HIPS / LCD
4430,Cooking timer ,40 x 10,,6 x 2,ABS / LCD
4451,Wall clock ,70 x 30,,28 x 5,ABS / Paper / ABS / HIPS
4453,Pedometer with step counter (NOT calorie counter),20 x 15,,5 x 4,ABS / Iron / PC
4488,Calculator with rubber sides,40 x 15,,8 x 10,ABS / Rubber / LCD
4490,Plastic pill box,30 x 15,,"7 x 22,7 cm",PP
4492,Plastic pill box,15 x 15,,6 x 6,PP
4501,Plastic calculator,40 x 12,,6 x 11,ABS / LCD
4505,Plastic letter opener,45 x 10 ,53 x 13,7 x 5,PS / Steel
4532,Dynamo torch,50 x 25,,10 x 5,ABS / Nylon
4549,LCD water powered desk clock,25 x 25 ,,9 x 6,ABS / LCD
4557,Dynamo torch with solar panel,25 x 10,,9 x 5,Plastic / Nylon
4571,Plastic ballpen with blue ink. ,50 x 20,,1 x 14,ABS / AS
4578,Plastic wall clock.,60 x 30,,30 x 28,Glass / Metal / Paper / PP
4580,Metal ballpen & tube,50 x 10,30 x 20,3 x 15,Copper / Metal
4582,Cheese set ,70 x 50,,19 x 4,Stainless steel / Pinewood
4585,Polyester backpack,120 x 60  ,,33 x 41,Polyester 600D / Non Woven
4592,"Plastic, twist action ballpen with blue ink. ",40 x 20,,1 x 14,ABS / Chrome
4598,A5 Colouring book with 16 different designs. ,60 x 22,,15 x 21,Paper 140 gsm / Cardboard 250 gsm
4603,420ml Stainless steel mug ,45 x 40 ,,8 x 18,Stainless steel / Stainless steel / PP
4617,"Vacuum flask, 0.5 litre",rotary 140 x 100 1 colour maximum or 45 x 45 pad print up to 4 colours one side,,7 x 25,Stainless steel / Stainless steel / Plastic / Stainless steel
4652,Wooden cheeseboard,70 x 50,,25 x 2,Wood / Rubber / Stainless steel / ABS / Stainless steel
4657,Wooden cheeseboard ,70 x 50,,32 x 22,Wood / Corn / Wood / Stainless steel
4658,Mug with 0.4 litre capacity,130 x 70,50 x 45,9 x 12,Stainless steel / AS / Stainless steel / Plastic
4659,"Vacuum flask, 0.75 litre ",150 x 40,230 x 80,8 x 31,Stainless steel / Stainless steel / Plastic / Stainless steel / Nylon 600D
4665,Set of two steel mugs,30 x 30 ,,7 x 10,Stainless steel / Stainless steel / Stainless steel
4666,Travel set,rotary 130 x 80 mugs or 190 x 90 flask 1 colour Maximum or 30 x 30 mug or flask pad print up to 4 colours one side,,31 x 24,Stainless steel / Tin / Stainless steel / Plastic / Stainless steel
4668,"Vacuum flask, 1 litre capacity",45 x 45,230 x 100,8 x 33,Stainless steel / Plastic / Plastic / Stainless steel
4678,Stainless steel thermos set,190 x 90 flask or 130 x 80 mugs 1 colour rotary or 30 x 30 mugs/flask pad up to 4 colours   ,35mm x 40m on flask vertically or 25mm x 60mm on cups,27 x 19,Stainless steel / Plastic / Stainless steel
4680,Cocktail set ,40 x 30 ,,26 x 24,Paper / PP / Stainless Steel 304
4731,A4 Colouring book with 16 diferent designs.,70 x 30  ,,21 x 30,Paper 140 gsm / Cardboard 250 gsm
4756,500ml Vacuum flask ,190 x 100,35 x 35,7 x 24,Stainless steel / Plastic / Stainless steel
4759,"Bubble blower, 55ml",26 dia,,3 x 8,PP
4763,"Weather station, (not for the UK or Ireland) ",55 x 15,,17 x 9,ABS / LCD
4787,Digital weather station ,60 x 15,,12 x 9,Plastic / LCD
4789,Digital weather station ,50 x 30,,8 x 5,Plastic / LCD
4803,Head light with 8 LED lights,15 x 3,15 dia,8 x 6,ABS / LED
4807,Head light with 5 LED lights,20 x 7,,6 x 4,ABS / LED
4818,A4 Colouring book with 64 designs.,70 x 30  ,,21 x 30,Paper 140 gsm / Cardboard 250 gsm
4833,Torch with 12 LED lights ,17 x 13,,3 x 12,Aluminium / LED
4835,Torch with 17 LED lights,25 x 12,,4 x 14,Aluminium / Rubber / LED
4837,Torch with 14 LED lights,17 x 12 ,,3 x 13,Aluminium / Rubber / LED
4845,Key holder and metal torch,25 x 8 ,,2 x 11,Aluminium / Metal / LED
4850,Pen shaped screwdriver/torch,30 x 10,35 x 10 ,14 x 8,Aluminium / Cardboard / EVA
4853,Pen shaped screwdriver ,15 x 8,30 x 8,1 x 11,Aluminium / Steel
4856,Set of two bicycle lights ,30 x 12,20 x 6,8 x 6,ABS / Rubber
4859,Aluminium head torch ,30 x 6,,6 x 4,Aluminium
4861,Small metal pocket torch ,15 x 10 ,,2 x 5,Aluminium / Plastic / Metal
4867,Metal opener and LED light,25 x 10 ,,2 x 7,Aluminium / Metal
4871,Steel push pocket torch ,22 x 10 ,,3 x 10,Aluminium / Nylon
4896,Glass Christmas tree shaped candle holder with white candle,25 x 25,,10 x 9,Glass
4908,A4 adults colouring book with 32 designs.,70 x 30  ,,21 x 30,Paper 140 gsm / Cardboard 250 gsm
4917,Plastic ballpen with blue ink. ,30 x 7,,1 x 13,ABS / Metal / AS
4934,Plastic 'thumbs up'  key holder with LED light.,15 x 15,,4 x 7,ABS / Metal
4936,"Plastic ballpen with metal clip, blue ink.  ",30 x 7,,1 x 13,ABS / Metal / AS
4937,Automatic umbrella with eight panels.,160 x 90 ,,102 x 82,Fibreglass / Metal / EVA / PP / Polyester 170T
4938,Foldable umbrella. ,160 x 90,,99 x 34,Aluminium / Fibreglass / EVA / Polyester 190T / Velcro
4939,Automatic opening and closing windproof umbrella. ,150 x 90 ,,90 x 55,Metal / Pongee 190T
4963,Plastic twist action ballpen with black ink. ,40 x 20,,1 x 14,ABS / Chrome
4980,"Stainless steel travel mug, 330ml capacity.",30 x 50,60 x 60,7 x 16,Stainless steel / PP
4990,"Double walled, leak-proof, SS thermos flask (500ml) ",30 x 50,200 x 100,"7,1 x 24",Stainless steel / PP / Silicone
4991,"Tritan, leak-proof, drinking bottle (700ml) ",30 x 50,200 x 100,7 x 25,PP / Silicone / Tritan
5012,Teddy bear in a plush material.,30 x 15 ,,18 x 20,Cotton / Polyester / PVC / PP / Plush
5013,"T-shirt, small",40 x 35,,9 x 21,Cotton
5039,Glass candle holder with Christmas decorations ,n/a,,5 x 6,"Glass, Wax"
5076,Toolkit including pocket torch and pocket knife,40 x 12,30 x 10,15 x 10,Aluminium / Rubber / Stainless steel
5077,Self heating re-usable pad ,40 x 20 ,,10x 7,PVC / Acetate / Water
5091,Anti stress hard hat ,25 x 15,,8 x 7,PU Foam
5137,Notebook in a PU case,90 x 70,,17 x 23,Paper / PU
5138,Large notebook in a PU case,120 x 100,,20 x 28,Paper / PU
5139,A6 Spiral notebook ,60 x 40 ,95 x 140,15 x 13,Metal / Paper / PP 0.7mm
5140,A5 Spiral notebook ,90 x 150,135 x 208,21 x 18,Metal / Paper / PP 0.7mm
5141,A4 Spiral notebook ,250 x 150 ,188 x 286,29 x 24,Metal / Paper / PP 0.7mm
5157,"Key holder, print n/a",n/a,,5 x 1,Iron / Crystal Polymer / SAN
5159,"T-shirt key holder, print n/a",n/a,,6 x 8,Iron / Plastic Crystal 1840 / SAN
5188,Three star-shaped candles ,n/a,,19 x 7,Wax
5202,Stainless steel bar knife .,35 x 7,,12 x 2,Metal
5210,Olympic ballpen with blue ink.,25 x 15,,1 x 14,ABS / ABS / AS / ABS / ABS
5214,Bathroom set ,n/a,,14x 17,Nylon / Balsa wood / Sisal
5215,Automatic polyester foldable umbrella. ,150 x 90 ,,85 x 54,Fibreglass / Metal / Polyester
5223,Aluminium ballpen with black ink. ,25 x 20,45 x 10 ,1 x 14,Aluminium / Iron / PVC / ABS
5229,"Christmas themed, re-usable hot pad ",40 x 25,,8 x 1 cm,"Metal, PVC, Acetate, Water"
5233,Stainless steel drinking bottle,40 x 40 ,,7 x 23,Stainless steel / PP
5235,Seminar bag ,170 x 90,,40 x 31,Polyester 600D
5238,Umbrella with automatic opening.,170 x 130,,102 x 86,Polyester 190T / Steel / Polyester 170T
5242,PVC magnifying glass ,60 x 30,,9 x 6,PVC / Vinyl
5247,Auto umbrella ,120 x 120,,96 x 28,Metal / PP / Polyester 190T
5248,Tin case with mints,40 x 25,,6 x 5,Tin / PET
5251,Rectangular mint card ,65 x 35,,8 x 5,PP
5260,Re-usable hot pad shaped like a warm water bag,40 x 20,,16 x 8,"Metal, PVC, Acetate, Water"
5263,Automatic storm proof umbrella.,140 x 120,,100 x 86,Fibreglass / Metal / Nylon
5275,Aluminium power bank ,50 x 30,,12 x 7,Aluminium
5288,Automatic storm proof umbrella. ,160 x 140,,100 x 86,Plastic / Metal / Microfibre / Pongee 190T
5293,Foldable frosted sunglasses.,40 x  7,,14 x 5,PVC / PC
5300,Three piece car wash set.,60 x 40,,26 x 25,PU / Polyester 600D / Microfiber 200g/m2
5307,Plastic ballpen with a rubber tip and black ink,40 x 15,,1 x 11,ABS / AS / TPR
5308,Poncho with hood in a matching pouch. ,n/a,,6 x 6,Nylon / PEVA 0.12mm
5313,Poncho with hood,175 x 130,,113 x 110,PEVA 0.10mm
5339,Soft toy lion.,30 x 15,,12 x 12,Polyester 100% / Microplush
5341,Plush toy elephant.,30 x 15,,19 x 18,Polyester 100% / Microplush
5348,Card case with sticky tabs,30 x 40 ,,11 x 7,Cardboard / Metal / Paper / Rubber
5350,Gloves for capacitive screens.,30 x 15,,13 x 20,95% acrylic/ 5% elasthane
5351,Notebook with sticky notes.,50 x 50,,8 x 15,Cardboard / Paper / Steel
5367,Plastic and silicone ankle band with LED light.,15 x 10,15 x 9,7 x 9,Iron / PP / Silicone / LED / TPU
5368,Aluminium solar charger,50 x 10 ,,12 x 6,Aluminium / PET / Monocrystalline
5369,Aluminium solar charger,40 x 20 ,,10 x 4,ABS / Aluminium / Monocrystalline
5392,Trolley with four spinner wheels.,50 x 10,,37 x 53,Aluminium / Plastic / Metal / Nylon / PC/ABS
5393,Trolley with four spinner wheels.,50 x 10,,37 x 57,ABS / Aluminium / Plastic / Metal / Nylon
5396,Skipping rope.,50 x 10,,3 x 200,Nylon / PP
5399,Screen cleaner and stylus. ,40 x 10 ,,6 x 3,ABS / Silicone
5400,Phone stand/earphone splitter.,15 x 7,,3 x 5,ABS / Rubber
5410,Wire bound notebook ,60 x 45,80 x 100,10 x 15,Cardboard / Cotton / Rubber / paper 70 gsm
5411,Folding tripod stool ,200 x 90,,55 x 10,Iron / Polyester 600D / Polyester 190T
5415,LED Flashlight.,25 x 10,,3 x 10,Aluminium / Plastic / LED
5436,ABS bluetooth speaker.,50 x 20,,20 x 17,ABS
5437,Plastic twist action ballpen with rubber tip and black ink.,45 x 8,,1 x 13,ABS / Microfibre
5438,Booklet with sticky notes and calculator,50 x 20 ,,9 x 6,Cardboard / Plastic / Paper
5445,Plastic ballpen with rubber tip and blue ink.,35 x 5,,1 x 14,ABS / Microfibre
5459,Plastic ballpen with blue ink. ,35 x 7,40 x 6,1 x 13,ABS / Metal
5460,BBQ set in zipped case,100 x 30,,40 x 12,Stainless Steel 430 / Non-woven 90g/m2
5466,Aluminium ballpen with chrome trims and blue ink,25 x 20,45 x 5,1 x 14,Aluminium / Metal
5470,Plastic ballpen with one LED light and blue ink. ,30 x 6,,2 x 13,ABS / Metal
5492,High visibility backpack cover,170 x 130,,85 x 65,Polyester 190T
5495,Plastic syringe shaped ballpen with blue ink. ,40 x 10,,1x 14,ABS
5507,Set of 17 small plastic Christmas balls ,25 x 25,,20 x 12,PP
5521,Pedometer ,15 dia ,,6 x 4,ABS / HIPS
5568,Travel bag with rope handles,140 x 40,,45 x 24,PVC
5575,Shopping bag ,110 x 110,,39 x 33,Polyester 600D
5576,Travel bag ,150 x 80,,41 x 29,Polyester 600D
5578,Backpack with front pocket,90 x 90,,40 x 28,Polyester 600D
5587,"Backpack, 600d nylon",110 x 70,,47 x 35,Polyester 100% / Ripstop Nylon / PVC 600Dx300D
5607,Travel wallet and neck cord,70 x 35,,14 x 17,Nylon / Polyester 600D
5619,Foldable shopping bag,180 x 180,120 x 60,11 x 19,Non woven 80gr
5622,Backpack ,80 x 80,,32 x 19,Ripstop 210D
5668,Polyester waist bag ,90 x 40,,31 x 10,Metal / Nylon / Polyester 600D
5675,Sports bag ,180 x 80,,43 x 31,Polyester 600D / Nylon 420D
5688,Sports/travel bag ,100 x 180,,60 x 28,Polyester 600D / PVC backing
5689,Sports/travel bag ,200 x 100,110 x 80 ,60 x 28,Polyester 600D
5714,Toronto ballpen,30 x 20,,1 x 13,Copper / Plastic / Brass / Beechwood
5717,Plastic oblong key holder.,22 x 8,,8 x 2,Aluminium / TPU
5741,Wooden pen set,35 x 20 ,50 x 6,18 x 4,Beechwood / Aluminium / Maple wood
5768,"Ballpen, laser and LED light",35 x 15,30 x 6,21 x 10,Glass / EVA / Birchwood / Aluminium / Rosewood
5770,Wooden ballpen and rollerball ,35 x 15,30 x 30 ,21 x 6,Birchwood / Aluminium / Rosewood / Aluminium / Rosewood
5784,Pen set made from bamboo,35 x 20,35 x 6 ,16 x 5,Copper / PS / Steel / POM / Bamboo
5786,Ballpen made from bamboo ,35 x 20,35 x 6 ,16 x 5,Copper / PS / Steel / POM / Bamboo
5794,Picnic basket for 2 people.,n/a,,40 x 30,Plastic / Metal / PU / Reed / Stainless steel
5795,Picnic basket for 4 people.,n/a,,54 x 34,Metal / PU / Reed / Stainless steel / Ceramic
5807,Ice scraper and polyester glove.,70 x 60 ,,16 x 39,ABS / Fibreglass / Polyester
5808,Plastic push cap ballpen with black ink.,50 x 20,,1 x 14,ABS
5815,Plastic ice scraper.,50 x 20,,8 x 20,PS / PP
5816,Curved plastic ice scraper.,60 x 40 ,,23 x 11,PS
5817,Ice scraper in fleece glove.,70 x 50 ,,2 x 16,ABS / Polyester 210D
5836,"Star-shaped glass candle holder, including candle ",n/a,,8 x 8,Glass
5838,Plastic twist action ballpen with blue ink.,35 x 20,,1 x 14,ABS
5840,Plastic mobile phone stand and steel bottle opener.,40 x 8,30 x 8,13 x 2,ABS / EVA / Iron / Steel
5851,Plastic stylus pen suitable for capacitive screen.,20 x 10,,10 x 3,ABS / Rubber / Iron / Steel
5852,Thumbs up' stylus pen.,25 x 20,,6 x 8,ABS / Iron / Steel / LED
5856,Mini beach bucket in four colours.,n/a,,10 x 6,PP
5865,Stainless steel and PP fourteen piece kitchen set. ,50 x 35,,33 x 12,Rubberwood / Stainless steel / PP / Steel / Stainless steel 420
5871,Plastic ballpen with a rubber tip and black ink.,30 x 5,,1 x 14,ABS
5893,"Plastic translucent 12cm ruler with pen, blue ink. ",30 x 6,45 x 15,3 x 13,ABS / AS
5954,Clown plush toy.,30 x 15,,22 x 24,Polyester
5957,USB hub with four colourful ports.,30 x 15,,7 x 14,ABS / Metal / PVC
5961,Ice scraper and snow brush.,80 x 15,,89 x 14,ABS / Aluminium / PVC / EVA
5964,Glass drinking jar (510ml),25 x 15,,21 x 10,Glass / Metal
5986,Charles Dickens ballpen. ,30 x 25,30 x 10,18 x 6,Plastic / Metal / Velvet / Nikkel plated
5991,Charles Dickens pen set.,30 x 8 ,,18 x 8,Alloy / Metal / PU / Velvet / Nikkel plated
6024,Reflective strap with lights.,40 x 15,,42 x  3,Nylon / PVC / LED
6025,Nickel plated keychain.,22 x 7,,11 x 5,Metal / Nikkel plated
6026,Nickel plated keychain.,22 x 7,,12 x 5,Metal / Nikkel plated
6080,Bag with 10 wet tissues.,40 x 20,,15 x 8,Plastic / Non Woven
6081,Reindeer metal nutcracker.,50 x 10,,20 x 15,Aluminium / Zinc alloy
6081,Aluminium nutcracker ,50 x 10,,20 x 15,"Aluminium, Zinc alloy"
6084,Snap arm band.,170 x 15 ,,3 x 34,PVC / Velvet / Iron
6119,Conference bag ,150 x 100,,38 x 10,Aluminium / Microfibre / PVC / Polyester 1680D
6141,Document bag,180 x 70,,38 x 10,PVC / Polyester 600D
6142,Trolley with extendable handle.,120 x 100,,58 x 36,ABS / Metal / EVA
6154,Plastic roller pen with black ink.,40 x 20,,1 x 15,ABS
6157,Document bag ,150 x 110,,38 x 29,PVC / Polyester 600D
6163,5 in 1 game set ,70 x 15,18 x 18,17 x 17,Firewood / Bamboo / Polywood
6170,ABS plastic trolley.,100 x 25,,57 x 37,ABS / Aluminium
6198,Cotton apron,150 x 200,150 x 120 ,90 x 60,Cotton 145g/m2
6201,LCD thermometer ,25 dia ,25 dia,3 x 7,ABS / Acrylic / LCD
6209,Document/laptop bag,200 x 100 ,,37 x 11,PVC / Polyester 1680D
6214,Kitchen timer,20 x 20,,6 x 7,Plastic
6221,Light weight trolley.,180 x 100,,36 x 21,Aluminium / Polyester 420D
6227,"Exhibition bag, non woven ",240 x 240 ,,37 x 41,Non woven 80gr / Polypropylene
6232,"Drawstring bag, non woven ",200 x 200 ,,37 x 41,Non woven 80gr / Polypropylene
6238,Drawstring backpack,200 x 200,,36 x 1,Polyester 190T
6242,Drawstring backpack,200 x 200 ,,36 x 41,Polyester 190T
6243,Safety lamp with clip,30 x 30,,5 x 2,ABS / LED
6260,"Non-woven (80g/m2), zipped bag .",120 x 50,,12 x 37,PVC / Non woven 80gr
6264,Foldable shopping bag ,45 x 40,250 x 250,12 x 6,Polyester 190T
6266,Foldable shopping bag,50 x 60,250 x 250,8 x 3,Polyester 190T
6284,Foldable shopping bag ,200 x 200,,33 x 58,Plastic / Polyester 190T
6289,Set of two mini bicycle lights,15 x 10,50 x 15,10 x 4,ABS / PP
6294,"Shopping bag, non-woven ",250 x 250,,48 x 43,Non woven 80gr
6304,Foldable shopping bag ,150 x 90,,49 x 28,Aluminium / Nylon / PVC / Polyester 600D
6312,Leather Charles Dickens® wallet. ,40 x 40,,11 x 13,Nylon / Cow leather
6330,Safety reflector ,45 dia,25 x 15,13 x 6,PP
6333,Vest shaped key holder,25 x 20,,4 x 6,Metal / PVC
6336,Light bulb key holder ,15 x 10,,3 x 9,Metal / PS
6337,Polyester bicycle cover ,90 x 90,,26 x 21,Polyester 190T
6361,Polyester laptop backpack. ,180 x 130,,44 x 29,Polyester 300D
6364,Polyester (300D) laptop bag. ,150 x 80,,27 x 36,Polyester 300D
6392,Polyester (600D) toilet bag.,110 x 60,,14 x 21,Polyester 600D
6395,Polyester (1680D) laptop bag.,120 x 70,60 x 80,32 x 44,PU / Polyester 1680D / Polyester 210D
6397,Non-woven (80g/m2) shoe bag.,130 x 50,,42 x 16,Non woven 80gr
6417,"Folder with natural card cover,",120 x 80,50 x 20,26 x 33,ABS / cardboard 600 gsm / paper 70 gsm
6419,Small notebook,45 x 45,40 x 8,10 x 11,Plastic / paper 70 gsm / Kraftpaper 350 gsm
6425,Toilet bag ,100 x 60,,26 x 15,Polyester 600D
6427,Travel / toilet bag,80 x 50,,10 x 19,Metal / 600D Gucci polyester
6431,Sports/travel bag,160 x 70 ,,69 x 34,PVC / Polyester 210D / Polyester 600Dx300D
6443,Digital luggage scales.,15 x 10,,4 x 10,ABS / Metal / Polyester
6447,Frosted toilet bag.,100 x 40,,25 x 21,PVC
6449,Zipped garment bag,n/a,,90 x 59,PEVA
6451,Conference bag.,160 x 90,,38 x 32,Plastic / Metal / Polyester 600D
6456,"Frisbee, 21cm diameter - X887536",115 dia,130 dia,21 x 3,PP
6458,Eraser with pencil sharpener,25 x 15,,6 x 3,PS / TPR
6471,Plastic twist action ballpen with black ink. ,45 x 20,,1 x 13,ABS
6472,Bicycle bell with compass.,15 x 10,,5 x 6,Aluminium / Mineral oil
6474,Plush cloth.,30 x 15,,19 x 19,Polyester 100%
6487,Transparent umbrella.,60 x 10,,86 x 73,Plastic / Metal / POE
6498,Desk organiser,70 x 40 ,100 x 80,12 x 10,paper 70 gsm / Kraftpaper 128 gsm / Cardboard 2mm
6506,Wire bound sticky memos ,50 x 40,,8 x 8,Cardboard / Metal / Paper
6509,Wire bound notebook.,50 x 40 ,,8 x 13,paper 70 gsm / Kraftpaper 350 gsm
6510,Fabric hand held fan,50 x 10,,23 x 2,PS / TC fabric
6512,Stainless steel seven piece steak knife set.,50 x 35,,25 x 7,PP / Pinewood / Stainless steel 420
6516,Plastic digital kitchen timer. ,35 x 10,,5 x 7,ABS
6517,Plastic ballpen pizza slice shape with blue ink.  ,35 x 10,,5 x 13,ABS
6521,"Tape measure, 3m",30 x 15,,7 x 7,ABS / Steel / TPR
6525,"Tape measure, 3m",30 dia,,8 x 6,ABS / Metal
6526,"Tape measure, 5m",30 dia,,9 x 7,ABS / Metal
6527,Binoculars. 10 x 42 magnification.,20 x 6,40 x 15,10 x 17,Plastic / Nylon / PVC / Rubber / Velcro
6528,Binoculars. 4 x 30 magnification.,25 x 7,35 x 12,5 x 10,Plastic / Nylon / Rubber / Velcro
6530,Competition frisbee.,85 dia,,26 x 3,PP
6533,Stainless steel 450ml travel mug.,160 x 45,40 x 40,8 x 20,PP / Stainless Steel 201 / Silicone
6535,"Aluminium sports flask, 500ml",40 x 40 ,,7 x 28,PP / Stainless Steel 201 / Silicone
6536,"Aluminium sports bottle, 750ml",30 x 30 ,,7 x 25,Stainless Steel 18/0 / PP
6537,Large PVC  beach ball.,200 x 100,,Dia 49,"PVC 0,18 mm"
6538,Food tongs with a rubber gripped handle.,50 x 10,,34 x 34,Nylon / Stainless Steel 430
6539,"Plastic ballpen with rubber tip and, black ink. ",40 x 20,,1 x 15,ABS
6540,Plastic twist action ballpen with blue ink.  ,45 x 20,,1 x 14,ABS / Metal
6541,High visibility promotional safety jacket.,100 x 70,160 x 100,71 x 75,Polyester 100%
6542,Promotional safety jacket for children.,90 x 45,150 x 80,57 x 59,Polyester 100%
6543,16 pc First aid kit.,60 x 30,,17 x 13,EVA
6544,Car emergency first aid kit. ,80 x 25,,33 x 14,EVA
6545,Mini Fridge. (not for the UK or Ireland) ,70 x 70,,19 x 28,ABS
6546,Mini portable barbecue.,50 x 50,,32 x 45,Iron
6547,Foldable barbecue grill. ,100 x 20,,30 x 26,Steel
6548,Body mass indicator tape (BMI) 1.5m,20 x 12,,5 x 6,ABS / PVC
6556,"First aid kit in a plastic box, 10pc",50 x 20,,11 x 9,PP
6559,"Plastic, 1.5m, heart shaped BMI tape measure.",40 x 10,,8 x 7,ABS / PVC
6584,Plastic bottle opener in shape of a foot.  ,30 x 14,20 x 14,11 x 6,ABS / Iron
6603,Playing cards,n/a,,9 x 6,Cardboard / Paper
6604,3 in 1 Touch screen pen and stylus.,45 x 8,,2 x 14,ABS / Metal
6608,Ballpen with black ink and stylus.,45 x 8,,1 x 13,ABS / Metal
6612,Wooden ballpen with metal clip.,30 x 20,50 x 7,2 x 14,ABS / Metal / Bamboo
6614,Metal twist action ballpen.,50 x 10,,17 x 3,Aluminium / Copper / Paper / PVC
6621,"Parking disc, scraper, coins",50 x 50,,12 x 16,Plastic
6622,A5 size polypropylene bag,110 x 120,,20 x 30,Nylon / PP 0.18mm
6623,A4 size polypropylene bag,150 x 160,,26 x 40,Nylon / PP 0.18mm
6632,2m Folding ruler.,70 x 20,,23 x 2,ABS
6633,Writing set in a pouch.,40 x 10 ,,15 x 4,ABS / Aluminium / PU / PVC
6638,Plastic ballpen with blue ink.  ,25 x 20 ,,1 x 14,ABS
6639,Telescopic aluminium flash light.,30 x 4,,2 x 17,Aluminium / Metal / Rubber
6651,Steel ballpen with silicone barrel. ,35 x 7,,1 x 12,Iron / ABS / Iron / Copper
6670,Promotional safety vest for children.,100 x 50,,30 x 38,Polyester 100%
6671,House shaped mint card ,40 x 30,,6 x 7,PP
6679,Truck shaped mint card ,40 x 25,,9 x 5,PP
6685,Travel wallet with integrated 4000mAh power bank.,70 x 35,,24 x 14,Svepa PU
6692,Svepa PU zipped travel wallet.,90 x 50,,26 x 18,PU / Linen
6698,Large wooden chest. ,60 x 25,,43 x 32,PU / Iron / Pinewood / Multiplex
6701,Small wooden chest.,60 x 25,,15 x 26,PU / Iron / Pinewood / Multiplex
6703,4pc Barbecue set,100 x 60,,48 x 15,Stainless Steel 430 / Nylon 210D / Nylon 600D
6725,A5 Document folder with integrated 5000mAh power bank.,100 x 60,,27 x 24,Rubber / Svepa PU
6728,Oval shaped salad box.,50 x 35,,23 x 18,PP
6729,A4  Document folder with 5000mAh power bank.,120 x 90,,34 x 26,Metal / Svepa PU
6730,Solar flower.,20 x 10,,10 x 11,ABS / PP
6731,Salad container with cup and fork.,40 x 40,,11 x 20,PP
6732,Plastic vacuum wine stopper. ,20 x 30,,5 x 7,ABS / Silicone
6735,Acrylic beanie with a matching colour label.,40 x 18,,20 x 20,Acrylic
6814,Wine set in gift box,120 x 50 ,,36 x 11,Stainless steel / Zinc / EVA / MDF
6817,Wine set in gift box,24 x 5 ,,10 x 14,Cardboard / Stainless steel / Zinc
6821,Wine set in gift box,140 x 110 ,,15 x 18,Stainless steel / Zinc / EVA / MDF
6829,Wine set in gift box,50 x 20 ,,37 x 12,Stainless steel / Zinc alloy / Aluminium / MDF
6832,Wine set with chess-game,70 x 10 ,,17 x 14,PU / Stainless steel / MDF / Zinc alloy
6854,Steel key ring with two wooden Dutch shoes.,6 x 5,15 x 4,4 x 2,Wood / Iron
6866,Plastic digital weather station. ,65 x 9,65 x 10,8 x 13,ABS / Glass / Metal / Silicone / PCB
6904,Square plastic memo dispenser. ,40 x 40 ,,5 x 5,ABS / paper 70 gsm
6905,Bottle opener with large clip and magnet.,20 x 14,20 x 40,8 x 4,ABS / Iron / Carbon Steel
6908,Reflecting plastic whistle on a belt clip.,20 x 20 ,,11 x 4,PS / PP
6929,Plastic pen holder with a white board. ,60 x 12,,8 x 11,PS / Paper150g/m2
6933,Aluminium ballpen with a rubber tip and blue ink. ,20 x 20,40 x 6,1 x 14,Aluminium / Metal
6936,Plastic car mobile phone holder.,35 x 12,,9 x 8,ABS / HIPS
6947,Leather Charles Dickens® pencil case. ,70 x 30,,19 x 8,Cow leather
6963,"Plastic ballpen with a snowman figure, black ink. ",35 x 20 ,,2 x 15,ABS / AS / PP / Steel
6971,"Push cap plastic ballpen with a girl figure, black ink.  ",35 x 20 ,,2 x 15,ABS / AS / PP / Steel
6974,"Double walled, 330ml leak proof steel drinking can.",30 x 50 ,,7 x 15,Stainless steel
6975,Digital meat thermometer.,10 x 10,20 x 10,21 x 3,ABS / Glass / Metal / PVC / Stainless Steel 304
6977,ABS trolley with 4 spinner wheels.,60 x 35,,55 x 38,ABS / Metal / Rubber
6978,ABS trolley with 4 spinner wheels.,60 x 35,,58 x 39,Metal / PC/ABS
6981,Bicycle bag in a polyester material.,200 x 100,,35 x 36,Polyester 600D / PE / PP / POM
6983,Metal rectangular key holder.,30 x 20,,8 x 3,Metal / Stainless steel / Iron / Zinc alloy
6984,"Plastic pull lamp with a 1W, white LED light. ",40 x 20,,16 x 6,ABS / Nylon / PC
6985,Wooden beach ball game. ,100 dia,,34 x 19,PP / MDF
6986,Soft padded 600D polyester stadium cushion. ,140 x 140,70 x 70,19 x 14,EVA / Polyester 600D / Sponge 5mm
7051,Translucent acrylic cube memo ,20 x 20,,2 x 11,Acrylic / Iron
7060,Plastic whistle with neck cord. (sold 48pc per box),15 dia ,,6 x 2,Nylon / PS
7061,Aluminium ballpen with blue ink.,40 x 10,,ø 1 x 14,Aluminium
7074,ABS power bank with Li-ion battery 2200mAh,50 x 12,,3 x 10,ABS / Paper
7081,Aluminium power bank 2000 mAh,50 x 13,,3 x 12,Aluminium
7083,ABS Li-polymer power bank 5000mAh,50 x 30,,12 x 7,ABS
7089,Aluminium power bank 4000 mAh,50 x 30,,7 x 12,Aluminium
7091,ABS triangular power bank 2200 mAh,60 x 20,,9 x 3,ABS / Rubber
7092,Aluminium power bank 2200 mAh,50 x 10,,9 x 2,Aluminium
7093,Aluminium power bank with a Li-polymer 2000 mAh,60 x 25,,11 x 4,Aluminium
7094,ABS power bank with a Li-polymer battery 2000 mAh,40 x 20,,9 x 5,ABS
7096,Five minute shower sand timer ,20 x 20,,10 x 13,Glass / Plastic
7097,Polyester (210D) drawstring backpack.,200 x 200 ,,34 x 42,Polyester 210D
7112,"Pocket knife, 7pc ",23 x 9,,9 x 3,Plastic / Stainless steel
7123,"Tape measure, 3m",45 x 45,,7 x 6,PE / Steel
7124,Plastic ballpen a rubber tip and blue ink.,50 x 25,,1 x 15,ABS
7125,"Tape measure, 5m",40 dia,,7 x 6,PE / Steel
7126,Spirit level with keychain,28 x 9,,4 x 2,Metal / PET / Solvent oil
7129,PU luxurious black pen case.,40 x 20,50 x 20,17 x 3,PU / Stainless steel / Velvet
7130,PU luxurious black pen case.,40 x 40,60 x 30,17 x 3,PU / Stainless steel / Velvet
7142,Key holder with one metre tape,20 x 20,,6 x 4,Metal / PE
7159,26pcs aluminium and metal tool set.,60 x 30,,9 x 17,ABS / PVC / PE / PP / Steel
7166,"Tape measure and laser, 2m",30 x 20,,16 x 6,ABS / Steel
7215,A4 Zipped nylon portfolio ,150 x 80,,37 x 30,Metal / Polyester / PVC
7220,Steel and wood pocket knife,30 x 7,,12 x 2,Pakkawood / Stainless steel 420
7221,Charles Dickens briefcase,80 x 50,,40 x 31,Leather / Metal / Non Woven
7227,"Vertical, curved business card holder. ",40 x 30,,10 x 6,PU / Stainless steel / Velvet
7229,"Horizontal, curved business card holder.",60 x 20,,10 x 6,PU / Stainless steel / Velvet
7230,A5 Pad folio with PU cover.,70 x 60,,23 x 17,Nylon / PU
7231,A4 Pad folio with PU cover.,150 x 150,,31 x 24,Nylon / PU
7238,Large steel multi tool,40 x 10,30 x 15 ,12 x 6,ABS / Metal / Nylon / Stainless steel
7240,Three function bar knife ,40 x 6,,12 x 3,Plastic / Stainless steel
7243,Plastic light bulb key holder.,12 x 10,,3 x 5,ABS / AS / Metal
7245,Telescopic selfie stick.,30 x 40,,61 x 5,ABS / Metal / Silicone
7246,Safety light with powerful COB LED lights. ,40 x 20,,3 x 8,ABS / Metal / Silicone
7247,Non-woven foldable beach mat.,180 x 150,,75 x 60,PP / Non woven 80gr
7248,Plastic telescopic selfie stick. ,8 x 30,,61 x 5,ABS / Metal / EVA
7249,PU foam anti-stress light bulb.,25 x 25,,6 x 10,PU Foam
7251,Aluminium bicycle bell.,30 dia,,5 x 5,ABS / Aluminium
7252,Plastic card holder with RFID protection. ,60 x 45,,6 x 9,PS / Aluminium foil
7255,Torch with 2 LED lights.,20 x 30,,7 x 3,ABS
7256,Notebook with a PU cork effect cover.,50 x 60,,9 x 14,Nylon / Paper / PU / Rubber
7257,Notebook with a PU cork effect cover.,70 x 60,,14 x 21,Nylon / Paper / PU / Rubber
7258,Large notebook with a PU cork effect cover.,120 x 100,,21 x 29,Nylon / Paper / PU / Rubber
7259,Tablet shoulder bag .,100 x 100,,25 x 22,Polyester 600D / Polyester 190T
7261,Plastic cooling box suitable for twelve 33cl cans,70 x 35,,25 x 19,PP/Silicon/Tritan
7263,Plastic and stainless steel garlic cutter.,30 dia,30 dia,7 x 6,ABS / Stainless steel / PS
7273,Plastic bicycle light with a 4 LED lights.,25 x 15,,12 x 3,ABS / Silicone
7277,Car power adapter with steel part for emergency. ,20 x 8,,3 x 6,Stainless steel
7279,Head light with 8 powerful COB LED lights.,30 x 7,,6 x 4,ABS / Rubber
7280,Plastic light with 6 powerful COB LED lights.,25 x 7,,3 x 2,ABS / Metal
7281,Plastic mobile phone holder. ,40 dia,,6 x 8,ABS / PVC
7282,Tool set supplied in a black case. 8pc,70 x 30,to fill in the top of the black case 1mm from the edge,8 x 14,ABS / PP / Steel / TPR
7284,Plastic 15cm transparent ruler. ,70 x 25,,5 x 19,PS
7286,Plastic compass with carabiner clip.,20 dia,,7 x 3,ABS
7287,"Non-woven, 70 g/m² apron with a front pocket.",140 x 90,,73 x 49,Non Woven / Non-woven 70g/m
7288,Plastic bottle (750 ml) with drinking cup. ,40 x 40,140 x 50,7 x 25,AS / Silicone
7289,Mobile phone holder.,30 x 20,to fill in either side 1mm from the edge,3 x 10,ABS / Rubber
7290,Steel pick-up tool.,50 x 20,,83 x 8,PP
7293,Bicycle bag with reflective strip.,100 x 30,,20 x 11,Polyester 600D / Velcro
7294,Foldable cooler bag.,n/a,,42 x 28,Polyester 210D
7295,Cardboard stationery cube. ,60 x 60,93 x 93,37 x 10,Cardboard
7296,Breakfast mug with a matching spoon.,40 x 40,30 x 15,9 x 15,PP / PS
7297,Bluetooth silicon speaker cube. ,40 x 40,,5 x 5,ABS / Rubber coating
7298,Power bank with a 4000mAh capacity. A,60 x 35,,11 x 7,Aluminium
7299,Plastic ballpen with a coloured cap match to ink.,50 x 15,,1 x 14,"ø 0,8 x 13,7 cm"
7300,Oval wooden key holder. ,30 x 20,,6 x 4,Wood / Steel
7304,Bluetooth speaker in a rubberised case.,35 x 20,,11 x 4,ABS / Rubber coating
7305,Ballpen & pencil set,45 x 8,25 x 20,17 x 4,Aluminium / Plastic / Metal
7306,Cosmetic set  in a rotating case.,45 x 15,20 dia,3 x 7,ABS / Metal
7307,Drinking bottle (650 ml) with fruit infuser.,40 x 40,150 x 70,7 x 24 cm,PS / Tritan
7309,Mobile phone holder and screen cleaner.,30 x 15,25 x 12,6 x 2,ABS / Metal
7310,Plastic power bank with a 2200mAh capacity. ,50 x 15,,12 x 3,ABS
7311,Car mobile phone holder.,12 x 8,,4 x 4,ABS / Metal
7359,Plastic key holder with a rotating locking mechanism.,23 dia,,7 x 4,ABS / Acrylic / PVC / Stainless steel / Iron
7377,Plastic cleaning roller for clothes.,50 x 12,,2 x 11,ABS / Cotton / Iron / Resin / TPR
7381,Polyester wellness set.,n/a,,33 x 43,Microfibre / Polyester 100%
7398,"Polyester, 1680D backpack. ",120 x 120,,46 x 33,Metal / Nylon / 1680D/PVC Polyester
7400,5pc Football BBQ set. ,100 x 100,,48 x 14,Cotton / PU / Stainless Steel 430 / Nylon 600D / Aokwood
7407,Aluminium bluetooth speaker. ,30 x 25,,6 x 6,ABS / Aluminium
7408,Santa Claus anti stress ball ,30 x 15,,7 x 7,PU Foam
7413,Square plastic ice pack.,45 x 45,,10 x 10,PVC / Water
7415,Round plastic ice pack.,45 x 45,,10 x 1,PVC / Water
7462,"11oz white photo mug, (sold per 36 pcs)",n/a,,8 x 10,Porcelain
7465,25pc Tools set. ,55 dia,50 x 35 ,16 x 6,ABS / PVC / PP / TPR
7468,Laptop shoulder bag in a soft PU material. ,150 x 100,,38 x 32,Metal / Nylon / PU
7470,2-in-1 Drinking mug.,30 x 50,40 x 25,9 x 12,PP / PS
7471,Polyester 600D messenger bag. ,150 x 60,,34 x 32,Polyester 600D
7472,Wood effect plastic sunglasses.,50 x 7,,5 x 15,PC
7473,Plastic ballpen with blue ink and rubber tip.,40 x 13,,15 x 2,ABS / Copper / Iron / Silicone
7474,Plastic mini  'no mobile phones' sign with mirror .,45 x 45,,14 x 8,ABS / Glass
7475,Polyester 600D large capacity sports/travel bag. ,160 x 100,,72 x 34,Nylon / Polyester 600D
7476,Pair of earphones in a plastic case.,30 x 20,40 dia,7 x 3,ABS / PVC / Silicone
7477,Plastic 500ml double walled bottle.,40 x 40,150 x 70,8 x 27,PS / Silicone
7479,Water bottle (850ml) made from Tritan.,45 x 45,150 x 50,7 x 25,Stainless steel / PS / Silicone / Tritan
7482,Travel pillow with polyfoam beads and soft suede fabric. ,60 x 60,,32 x 21,Polyfaom / Polystyrene / Spandex / Suede
7483,Sports towel in a drawstring nylon pouch,50 x 50,,n/a,n/a
7484,Near Field Audio speaker.,60 x 30,,7 x 13,ABS
7485,Nylon ripstop (210D) toiletry bag. ,100 x 60,100 x 40,13 x 17,PVC / Ripstop Nylon
7486,Glass drinking mug.,35 x 30,25 x 10,9 x 18,ABS / Glass / Silicone
7487,Glass drinking bottle (590 ml) with carry strap.,35 x 40,,7 x 25,ABS / Glass / Silicone
7488,Glass drinking bottle (590 ml) with silicon grip design. ,30 x 30,25 x 10,"7,5 x 29",ABS / Glass / Silicone
7489,Cap with five panels and reflective strips.,80 x 50,,19 x 13,Polyester
7491,Polyester and mesh five panel baseball cap.,80 x 50,,18 x 11,Polyester 100% / Polycanvas 600D
7492,Polycanvas five panel sandwich cap.,80 x 50,,19 x 13,Metal / Polycanvas 600D
7493,Polyester 600D tablet/document bag. ,150 x 90,,27 x 33,Polyester 600D
7494,Polyester 600D travel bag/backpack. ,100 x 60,100 x 60,55 x 30,Nylon / Polyester 600D
7495,Retractable camping light with six LED lights.,30 x 30,40 dia,12 x 9,ABS / Steel
7496,Plastic retractable ballpen with blue ink.,50 x 20,,1 x 15,ABS
7497,Plastic push cap action ballpen with black ink. ,50 x 20,,"1,1 x 14",ABS
7498,"Plastic soft touch ballpen and phone holder, black ink.",45 x 10,,"1,2 x 16",ABS
7499,Plastic retractable ballpen blue ink.,40 x 20,,"1,1 x 14",ABS / AS
7500,Plastic ballpen with blue ink.,40 x 20,,"1,1 x 14",ABS
7504,Cooler bag for six bottles,80 x 80,,36 x 29,PVC / Satin / Polyester 420D
7508,Quality groceries basket. ,200 x 90,,48 x 28,Aluminium / EVA / Polyester 320 - 330 gr/m2
7509,Metal drinking bottle,40 x 40,180 x 80,7 x 22,Aluminium / PP
7510,Quality groceries cooling basket.,200 x 90,,48 x 28,ABS / Aluminium / EVA / Polyester 320 - 330 gr/m2
7512,Quality groceries bag.,200 x 90,,50 x 18,Aluminium / EVA / Polyester 320 - 330 gr/m2
7521,Cooler bag,130 x 70,70 X 50,36 x 20,Nylon / Polyester / PVC 600Dx300D
7529,Plastic laser pen and presenter.,40 x 10,25 x 10,15 x 9,ABS / Copper / Rubber
7530,Quality large shopping/groceries bag.,250 x 250,,42 x 18,Aluminium / Polyester 320 - 330 gr/m2
7535,Cooler bag,80 x 50 ,,28 x 24,Polyester / PVC 600Dx300D
7539,"Drinking bottle, 400ml",40 x 25,,7 x 20,AS / PE / AS / PE / PP
7540,Bamboo ballpen with a rubber tip and black ink.,40 x 20,,1 x 14,ABS / Steel / Bamboo
7548,Plastic screw lid pot with sugar free mints and lip balm.,28 dia,,4x 4,PS
7551,800ml Sports bottle ,50 x 20,40 x 40,8 x 26,ABS / AS / Stainless Steel 18/0 / PP
7552,400ml Aluminium water bottle ,40 x 40,190 x 80 ,7 x 18,Aluminium / Plastic / Metal
7555,Wooden carpenters pencil,50 x 9,,1 x 18,Wood / Graphite
7557,Bottle with 650ml capacity ,40 x 40,,7 x 22,PP
7560,Mobile phone travel set.,60 x 30,,7 x 11,Microfibre
7561,Groceries trolley in a polyester 320g grey material.,200 x 100,240 x 240 ,27 x 34,Aluminium / Polyester 320 - 330 gr/m2
7563,PVC transparent cooler bag ,60 x 20,,10 x 26,Glycerin / PVC 0.3mm
7567,Foldable plastic water bottle ,60 x 50 ,,12 x 27,PE / PP / PA
7570,Plastic shoehorn with a polishing sponge. ,35 dia,,16 x 5,PP / Sponge
7572,Lens and screen cleaning spray.,45 x 15 ,,4 x 10,20% nylon/80%polyester
7573,Plastic mint card with sugar free mints and  toothpicks.,50 x 35,,5 x 8,PP
7575,Sunscreen lotion (60 ml) with a SPF 30 protection.,50 x 20,,13 x 5,PP / PE
7576,"10cm/4"" Ruler a small pen with black ink.",40 x 15,,3 x 18,ABS / AS / Steel
7577,Sunscreen stick with SPF 30 protection.,40 x 10,,8 x 4,PP
7578,Plastic ballpen with a rubber grip and black ink.,35 x 20,,2 x 14,ABS / TPR
7579,"Plastic ballpen with blue ink,.",40 x 15,,1 x 14,ABS
7580,Plastic ballpen with blue ink.,40 x 8,,14 x 1,ABS / Steel
7581,Aluminium ballpen with blue ink.,40 x 10,,1 x 14,ABS / Aluminium / Steel
7582,Plastic ballpen with black ink.,40 x 8,,1 x 14,ABS / Aluminium / Steel / TPR
7584,Drinking bottle (500ml) made from recyclable plastic. ,30 x 55,,7 x 19,HDPE
7589,Polyester zipped key wallet.,60 x 30,,8 x 10,Polyester / Steel
7590,Plastic 'smilie' bottle opener.,30 x 25,,8 x 5,ABS / Aluminium
7591,Stainless steel bottle opener.,50 x 25,,17 x 4,Stainless steel
7594,Aluminium ballpen with black ink and rubber tip.,40 x 7,,1 x 14,ABS / Aluminium
7596,Aluminium ballpen with blue ink and mechanical pencil.,50 x 20,,5 x 17,PP / PS
7597,Classic plastic bottle opener.,50 x 12,,15 x 5,Iron / PE
7598,Set of two lenses for mobile phones.,60 x 25,,13x 6,ABS / Acrylic / Aluminium / Microfibre / EVA
7600,Cotton 180g/m² apron.,200 x 150,,65 x 90,Cotton 180g/m2
7601,"Retractable USB/micro USB cable,",30 x 25,,6 x 4,ABS
7602,Aluminium bottle opener with key ring.,30 x 10,,8 x 4,Aluminium
7603,Aluminium telescopic torch and screwdriver.,50 x 25,,20 x 8,Aluminium / Cardboard / Carbon Steel
7604,Ice pack with cooling gel.,60 x 18,,12 x 8,HDPE
7605,Plastic ballpen with blue ink and rubber tip.,30 x 15,,1 x 14,ABS / Steel
7606,Non-woven sports bag.,100 x 100 ,,25 x 42,Non Woven
7607,Solar powered plastic dancing figure.,25 x 10,,11 x 5,PS / Tritan
7608,Polyester wrist wallet with zipped pocket.,60 x 40,,6 x 10,Polyester 200 gr / m2
7609,Picnic rucksack for four people.,150 x 100,,30 x 40,PVC / Stainless steel / Polyester 600D / PP
7613,Picnic rucksack for four people.,110 x 70,,40 x 36,Polyester / PU / Stainless steel / PP
7624,Manicure set ,40 x 15,30 x 15 ,"4,8 x 12",Aluminium / Metal
7627,Set of two lenses for mobile phones.,40 x 40,,7 x 7,Metal / PP
7629,Plastic ballpen with blue ink.,40 x 20,,1 x 14,ABS
7631,Plastic water resistant bluetooth speaker .,25 x 7,,n/a,n/a
7633,Ladies shoulder bag.,130 x 80,,36 x 15,Polyester 600D
7635,Tetron cotton apron with two front pockets.,190 x 150,,100 x 70,TC fabric
7637,Drawstring backpack.,180 x 180,,37 x 46,Polyester 210D
7639,Drawstring backpack made from 201D polyester. ,160 x 100,,37 x 45,Polyester 210D
7642,GETBAG 600D polyester laptop backpack.,120 x 60,,45 x 31,Polyester 600D
7643,Drawstring backpack made from 201D polyester. ,160 x 100,,36 x 46,Polyester 210D
7644,GETBAG 600D polyester multifunctional laptop bag.,160 x 70,,30 x 45,Polyester 600D / Polyester 600D
7645,GETBAG 600D polyester backpack.,100 x 100,150 x 140,46 x 13,Polyester 600D
7646,GETBAG 600D polyester tablet bag.,130 x 60,,27 x 2,Polyester 600D
7647,Reporter bag in a polyester 600D/PVC material.,150 x 60,,38 x 16,Polyester 600D
7648,Drawstring polyester backpack.,200 x 140,,36 x 46,Polyester 210D
7649,Shopping bag. 600D polyester.,160 x 120,,40 x 11,Polyester 600D
7650,"Shopping bag, 600D polyester.",160 x 100,,39 x 41,Polyester 600D
7651,Cooler bag made from 210D polyester.,100 x 60,120 x 60,20 x 15,Polyester 210D / Aluminium foil
7653,Round cooler bag made from 210D polyester.,100 dia,100 x 60,22 x 18,Polyester 210D
7654,Cooler bag made from 420D polyester.,120 x 60,110 X 50,30 x 16,PE / Polyester 420D / PEVA
7655,Cooler bag made from 600D polyester.,110 x 50,,30 x 20,Polyester 600D / PE / PEVA
7656,Sports bag made from 600D polyester.,160 x 80,,53 x 23,Polyester 600D
7658,Sports bag made from 600D polyester.,160 x 70,,57 x 27,Polyester 600D
7659,Shopping bag made from polyester material.,150 x 100,,36 x 10,Polyester 600D
7661,Shoulder bag in a polyester 600D /PVC material.,100 x 40,120 x 70,32 x 7,600D/PVC
7664,Wallet made from 190T/600D polyester.,65 x 30,,13 x 9,Polyester 600D / Polyester 190T / Polyester 600D
7667,Toilet bag made from 190T/600D polyester.,100 x 40,,31 x 22,PVC / Polyester 600D / Polyester 190T
7668,Tablet shoulder bag.,200 x 160,,32 x 40,Polyester 600D / Polyester 190T / Velcro
7669,PVC Sports bag with adjustable shoulder strap. ,180 x 90,,33 x 48,Metal / PVC
7670,PVC Messenger bag.,180 x 90,,27 x 37,Metal / PVC
7673,Sports bag with reflective piping.,200 x 80,,60 x 30,Polyester 600D / Twill Polyester
7674,Laptop bag made from 600D polyester.,140 x 70,,30 x 37,Polyester 600D / Twill Polyester
7675,Shoulder bag made from 600D polyester.,130 x 80,,29 x 22,Polyester 600D / Twill Polyester
7676,Foldable beach chair.,200 x 100,,n/a,n/a
7677,Sports bag made from polyester 600D ripstop.,200 x 100,,58 x 19,Ribstop 600D
7678,Plastic 5-in-1 ballpen with power bank 2200mAh.,50 x 15,,n/a,n/a
7679,Stainless steel hip flask (320 ml) with screw cap. ,50 x 35,,14 x 9,Stainless Steel 304
7680,Car power adapter with emergency hammer.,25 dia,,9 x 16,ABS / Aluminium
7681,Polypropylene 520ml cup. (not suitable for hot drinks),30 x 30,100 x 30,9 x 16,PP
7682,Plastic car charger with cigarette lighter port. ,25 x 15,,n/a,n/a
7686,HD Digital camera,40 x 8,40 x 10,6 x 2,To be specified
7690,Plastic cup holder with three USB ports.,35 x 35,,n/a,n/a
7691,Plastic multi-functional car charger. ,30 x 30,,n/a,n/a
7692,Plastic car charger with 2 USB ports.,25 x 10,,n/a,n/a
7702,Plastic ruler with magnifier,40 x 20,,14 x 4,PVC
7705,Card size magnifying glass,75 x 18,,9 x 6,PVC
7707,Thin plastic magnifying glass,25 x 10,,9 x 5,PVC
7713,Fidget spinner,18 dia,,8 x 7,ABS/Steel
7717,Plastic Bluetooth earphones. ,35 x 12,,n/a,n/a
7719,Plastic headphones with adjustable headband,30 dia,,n/a,n/a
7720,Plastic self-righting desk light.,20 x 15,20 dia,n/a,n/a
7723,Sport set in a polyester (420D) pouch with belt clip.,60 x 35,,n/a,n/a
7724,"Non-woven laminated beach bag , 80 gr/m2",280 x 200,,n/a,n/a
7727,Polycanvas 300D zipped toilet bag. ,100 x 60,,n/a,n/a
7728,Polycanvas 300D shopping bag.,250 x 120,,n/a,n/a
7729,Polycanvas (300D) backpack. ,170 x 100 ,,n/a,n/a
7732,Car desk with compartments for additional storage abilities.,200 x 200,,n/a,n/a
7733,ABS keychain with LED light.,30 x 7,,n/a,n/a
7735,ABS USB hub with 4 ports. ,40 x 20,,n/a,n/a
7737,Aluminium USB hub with 4 ports. ,60 x 12,,n/a,n/a
7739,ABS Bluetooth GPS tracker. ,25 x 25,,n/a,n/a
7742,PVC Extra lightweight trolley case.,50 x 50,,n/a,n/a
7745,Polyester cooler bag. ,180 x 80,,n/a,n/a
7747,Multi-functional metal torch.,30 x 20,,n/a,n/a
7748,ABS Plastic adjustable headphone.,53 dia,,n/a,n/a
7752,A5 folder with an integrated 4000mAh power bank.,70 x 50,,n/a,n/a
7757,Credit card holder with RFID protection.,80 x 50,,n/a,n/a
7761,ABS Plastic light. ,25 x 15,,n/a,n/a
7762,"Toolset, 20pc in a Oxford fabric pouch (600D)",70 x 30,,n/a,n/a
7763,A5 Soft feel note book with PU cover.,60 x 30,,n/a,n/a
7765,Plastic Bluetooth earphones. ,40 x 15,,n/a,n/a
7769,Coaster with bottle opener and non-slip base.,50 x 35,,n/a,n/a
7772,Travel kit. ,60 x 30,,n/a,n/a
7775,Fleece bathrobe. ,n/a,,n/a,n/a
7778,ABS Plastic car charger.,30 x 12,,n/a,n/a
7780,ABS Spinner pen,30 x 8,,n/a,n/a
7784,Multi-functional stainless steel BBQ tool.,70 x 20,,n/a,n/a
7786,Polyester multi-purpose A4 document folder.,150 x 100,,n/a,n/a
7787,Wallet for passport and credit cards with RFID protection.,60 x 60,,n/a,n/a
7788,Colouring set.,50 x 50,,n/a,n/a
7789,Double-walled stainless steel thermos mug (460 ml).,30 x 40,,n/a,n/a
7790,Kitchen set. ,n/a,,n/a,n/a
7791,Shaver with USB connection.,50 x 35 ,,n/a,n/a
7792,First-aid kit in a metal tin.,60 x 30,,n/a,n/a
7793,Plastic work lamp with COB lighting and PC lens.,50 x 10,40 x 30,n/a,n/a
7794,Torch with 6 LED lights and glow-in-the-dark silicone strap,25 x 8,,n/a,n/a
7796,Plastic Bluetooth speaker.,30 x 20,,n/a,n/a
7798,Jute shopping bag with short handles.,250 x 250,,n/a,n/a
7799,Foldable carry/shopping bag made from Oxford fabric.,250 x 250,,n/a,n/a
7801,Wooden carpenter's pen with black ink and a 14cm ruler.,50 x 7,,n/a,n/a
7802,Plastic camping LED light with adjustable dial.,25 x 20,,n/a,n/a
7803,12 Water-based felt tip pens in a transparent plastic case.,45 x 20 ,,n/a,n/a
7805,Popular types of sticky notes in a transparent zipped PVC pouch.,50 x 30,,n/a,n/a
7806,Plastic 8 digit desk calculator.,60 x 12,,n/a,n/a
7807,Plastic water-resistant protective pouch.,50 x 35,,n/a,n/a
7811,Plastic waterproof protective pouch for mobile devices.,60 x 30,,n/a,n/a
7812,Pruning shears with lock.,40 x 6,,n/a,n/a
7813,Plastic work lamp and torch.,25 x 7,,n/a,n/a
7815,Plastic in-ear Bluetooth earphones in a transparent case,50 x 20,,n/a,n/a
7816,Plastic in-ear Bluetooth earphones in a transparent case.,50 x 20,,n/a,n/a
7817,A5 Card folder with cut out handles.,60 x 35,,n/a,n/a
7818,Polyester kite to colour in yourself.,n/a,,n/a,n/a
7819,"Ball game, 3pc.",60 x 35,,n/a,n/a
7821,Plastic reading light with LED lighting and USB connection,30 x 8,,n/a,n/a
7822,Jute shopping bag with short handles.,250 x 250,,n/a,n/a
7823,Non-woven cool bag.,200 x 200,,n/a,n/a
7824,"Bike basket, 20-litre capacity. ",100 x 100,,n/a,n/a
7825,Tritan water bottle (910 ml),100 x 70,30 x 60,n/a,n/a
7826,Plastic sunglasses with mirrored lenses.,45 x 7,,n/a,n/a
7827,Non-woven shopping bag with coloured trim.,200 x 100,,n/a,n/a
7828,Polyester apron to colour in yourself.,130 x 110,,n/a,n/a
7829,Non-woven drawstring backpack.,180 x 180,,n/a,n/a
7830,"Cardboard holder with ruler, sticky notes and  ballpen.",60 x 30,,n/a,n/a
7831,Handy miniature plastic waste paper basket.,40 x 15,,n/a,n/a
7832,Set of 2 polyester car sun screens.,200 x 150,,n/a,n/a
7833,Set of 2 polyester sun screens.,150 x 150,,n/a,n/a
7835,Plastic water bottle (530 ml) with crown cap and carry strap.,100 x 60,30 x 50,n/a,n/a
7836,Car wash set.,150 x 100,,n/a,n/a
7837,Plastic microwave cup (720 ml),35 x 50,,n/a,n/a
7839,"Plastic night light with LED light, batteries included.",40 x 10,,n/a,n/a
7840,"Paper bag, 'small'.",120 x 120,,n/a,n/a
7841,"Paper bag, 'medium'.",150 x 150,,n/a,n/a
7842,"Paper bag, 'large'.",200 x 200,,n/a,n/a
7843,Coloured pencils and sharpener.,60 x 20,,n/a,n/a
7844,Lunchbox (920 ml) with transparent lid.,60 x 35,60 x 25,n/a,n/a
7845,Paper carry bag. ,250 x 250,,n/a,n/a
7847,Collapsible folding beverage dispenser.,50 x 20,40 x 30,n/a,n/a
7849,Nylon pouch for pens and other writing equipment.,80 x 40,,n/a,n/a
7850,Two foldable plastic hangers in a non-woven bag.,100 x 40,,n/a,n/a
7851,Cotton shopping bag with long handles. (135 g/m2) ,250 x 250,,n/a,n/a
7852,Cotton drawstring backpack. (120 g/m2),250 x 250,,n/a,n/a
7854,Foldable canvas shopping bag with long handles.,140 x 140,,n/a,n/a
7856,Bright coloured beach bag. ,220 x 130,,n/a,n/a
7857,Beach bag with white cord handles.,220 x 130,,n/a,n/a
7858,Non-woven shopping or document bag.,250 x 250,,n/a,n/a
7860,Plastic bicycle lamp.,50 x 10,,n/a,n/a
7861,Elastic fitness training strap.,n/a,,n/a,n/a
7862,Plastic pen with invisible ink.,40 x 6,,n/a,n/a
7863,Cotton shopping bag with long handles. (180 g/m2),250 x 250,,n/a,n/a
7864,Key ring with anti-stress fruit shaped item.,20 x 8,,n/a,n/a
7865,Key ring with anti-stress smiling face.,20 dia,,n/a,n/a
7866,Cardboard stationery cube.,50 x 35,,n/a,n/a
7867,Badminton set.,25 x 5,,n/a,n/a
7868,Stainless steel 6pc penknife.,25 x 9,,n/a,n/a
7869,Pair of coloured earphones.,22 x 7,40 x 6,n/a,n/a
7870,Polyester canvas hammock.,200 x 100,,n/a,n/a
7871,Sewing kit in plastic case.,50 x 30,,n/a,n/a
7872,Digital plastic stopwatch. ,15 x 15,,n/a,n/a
7873,Anti-stress PU foam doctor,15 x 15,,n/a,n/a
7874,Bamboo cup (350 ml) ,30 x 20,,n/a,n/a
7875,Transparent water bottle with straw.,30 x 50,,n/a,n/a
7877,Foldable plastic 'T-Shirt' water bottle (320 ml),60 x 30,,n/a,n/a
7878,Silicone USB wristband.,20 x 5,,n/a,n/a
7879,Polyester (600D) anti-theft backpack ,120 x 120,,26 x 13,600D/PVC
7880,Aluminium torch with nine LED lights.,20 x 10,,n/a,n/a
7884,Plastic USB fan.,25 x 10,,n/a,n/a
7885,Waiter's friend.,45 x 10,,n/a,n/a
7887,Plastic sunglasses with UV-400 protection. ,40 x 7,,n/a,n/a
7889,Plastic sunglasses with UV-400 protection.,45 x 7,,n/a,n/a
7890,Round pouch with Bluetooth earphones.,40 x 30,,n/a,n/a
7892,"Hammock with wooden spreader bars, supplied in a bag",300 x 120,,n/a,n/a
7898,Plastic mobile phone holder with in-ear headphones,40 x 20,,n/a,n/a
7899,Plastic 5m tape measure.,28 dia,,n/a,n/a
7900,Plastic 3m tape measure.,28 dia,,n/a,n/a
7901,Translucent A4 PVC document holder with zip.,70 x 35 ,,n/a,n/a
7903,Plastic A4 capacity expanding document folder.,60 x 35 ,,n/a,n/a
7904,Plastic A4 document holder.,70 x 35 ,,n/a,n/a
7906,Plastic clipboard to take a maximum of A4 documents.,70 x 35 ,,n/a,n/a
7908,Plastic name card/name badge holder. ,15 x 15,,n/a,n/a
7909,Non Woven drawstring backpack.,200 x 180,,n/a,n/a
7910,Cotton bag supplied with 5 felt tip pens.,150 x 150,,n/a,n/a
7914,Stainless steel 5pc pen knife.,40 x 8,,n/a,n/a
7916,Plastic 3m tape measure.,30 dia,,n/a,n/a
7917,Plastic speaker with 150mA battery. ,17 x 20,,n/a,n/a
7919,Plastic 5m tape measure.,33 dia,,n/a,n/a
7920,Plastic 'Bone shaped' safety light.,30 x 10,,n/a,n/a
7922,Rechargeable USB torch.,22 x 7,,n/a,n/a
7923,Kite supplied in a pouch with 5 felt tip pens.,n/a,,n/a,n/a
7924,Plastic bike lamp with CREE LED light.,60 x 30,,n/a,n/a
7925,Foldable car organizer (600D polyester),200 x 60,,n/a,n/a
7926,In-ear Bluetooth headphones.,40 dia,,n/a,n/a
7927,Plastic salad cup and fork.,40 x 50,,n/a,n/a
7928,Foldable plastic virtual reality glasses.,60 x 8,,n/a,n/a
7929,Plastic breakfast cup and spoon.,40 x 40,,n/a,n/a
7930,Plastic case with a mirror sticky notes and ballpen.,40 x 30,,n/a,n/a
7932,Sewing set in transparent pouch with zipper.,50 x 35,,n/a,n/a
7933,Plastic 2 bag sealing clip with a magnetic closing.,60 x 17,,n/a,n/a
7934,Plastic Bluetooth speaker with USB connection.,25 x 25,20 x 20,n/a,n/a
7936,Nylon backpack (600D).,110 x 90,,n/a,n/a
7938,Foldable polyester carry/shopping bag (210D).,30 x 15,250 x 200,n/a,n/a
7940,Polyester backpack (600D) with various closable storage compartments.,100 x 80,110 x 90,n/a,n/a
7941,Polyester sports/travel bag (600D),150 x 80,,n/a,n/a
7942,Polyester cool bag (210D).,100 x 50,,n/a,n/a
7943,Polyester backpack (300D),150 x 110,,n/a,n/a
7944,Polyester backpack (600D),130 x 80,,n/a,n/a
7945,Backpack (600D Polyester) ,130 x 90,,n/a,n/a
7946,Polyester backpack (600D) ,110 x 60,,n/a,n/a
7947,Large polyester sports/travel bag (600D) ,160 x 90,,n/a,n/a
7948,Polyester sports/travel bag (600D) ,160 x 90,,n/a,n/a
7949,Polyester sports/travel bag ,160 x 90,,n/a,n/a
7950,Polyester sports bag (600D),160 x 90,,n/a,n/a
7951,Polyester backpack (600D) ,140 x 130,,n/a,n/a
7952,Fleece blanket (180 g/m2),140 x 120,,n/a,n/a
7953,Polyester beach bag (600D) ,140 x 120,,n/a,n/a
7955,Polycanvas sports bag ,110 x 100,,n/a,n/a
7956,Cotton beach bag ,80 x 80,,n/a,n/a
7957,Non-woven (80 g) shopping bag.,130 x 130,,n/a,n/a
7958,Polyester backpack (1680D) ,140 x 90,,n/a,n/a
7960,Polyester backpack (1680D) ,150 x 90,,n/a,n/a
7962,PVC Umbrella with a plastic handle,50 x 10,,n/a,n/a
7963,Reversible twin-layer umbrella.,130 x 90,,n/a,n/a
7964,Foldable automatic storm umbrella.,150 x 100,,n/a,n/a
7965,A4 Document folder with a PU cover.,120 x 120,,n/a,n/a
7966,A5 Document folder with a PU cover.,90 x 100,,n/a,n/a
7968,A5 Document folder with a zipped PU cover.,80 x 80,,n/a,n/a
7969,Multifunctional twist-action plastic ballpoint pen.,35 x 6,,n/a,n/a
7970,Aluminium rollerball with blue ink.,40 x 15,,n/a,n/a
7971,Ballpen with silver coloured trim and blue ink.,35 x 7,,n/a,n/a
7972,Ballpen with coloured trim and blue ink.,35 x 5,,n/a,n/a
7973,Ballpen with blue ink and a maze puzzle.,40 x 15,,n/a,n/a
7974,Bamboo pen set in a cardboard box with sleeve.,35 x 15,,n/a,n/a
7975,Twist-action aluminium ballpen.,40 x 5,,n/a,n/a
7976,"Metal ballpen with blue, black and red ink.",25 x 15,,n/a,n/a
7977,Plastic ballpen with blue ink. ,35 x 5,25 x 6,n/a,n/a
7978,Plastic twist-action ballpen with blue ink.,25 x 6,30 x 6,n/a,n/a
7982,Plastic ballpen with black ink and rubber stylus.,30 x 6,40 x 7,n/a,n/a
7983,Aluminium ballpen with blue ink.,40 x 10,,n/a,n/a
7984,Aluminium ballpen with black trim and blue ink.,40 x 15,,n/a,n/a
7985,Plastic retractable ballpen with blue ink.,30 x 15,,n/a,n/a
7986,Travel trolley made from a split leather material.,150 x 150,,n/a,n/a
7989,Polyester sports bag.,80 x 60,,n/a,n/a
7991,Large polyester sports/weekend bag.,120 x 100,,n/a,n/a
7992,Polyester sports bag.,150 x 100,,n/a,n/a
7993,Polyester backpack.,150 x 100,,n/a,n/a
8005,Self adhesive memo papers ,50 x 30,,13 x 11,Plastic / Paper / PU
8011,100 self-adhesive memos ,70 x 50 ,,11 x 8,Cardboard / Paper
8022,Split leather RFID credit card.,40 x 12,,n/a,n/a
8031,Anti stress Globe,30 x 15,20 x 20,Dia 7,PU Foam
8032,Anti stress House,40 x 20,,7 x 6,PU Foam
8033,Anti stress Heart,25 x 15,,8 x 7 ,PU Foam
8034,Anti stress Car,25 x 15,,10 x 5,PU Foam
8049,Panda soft toy,30 x 15,,14 x 17,Polyester / PVC / PP
8050,Split leather RFID credit card wallet.,45 x 35,,n/a,n/a
8052,Split leather RFID credit card wallet.,45 x 35,,n/a,n/a
8053,Dog soft toy,30 x 15,,19 x 13,Metal / Plush / PVC / PP
8058,Split leather RFID credit card wallet.,45 x 35,,n/a,n/a
8060,Split leather RFID purse.,50 x 35,,n/a,n/a
8064,Split leather RFID purse.,60 x 35,,n/a,n/a
8066,Quality split leather apron.,120 x 120,,n/a,n/a
8078,Anti stress football ,25 dia,,6,PU Foam
8084,"Soft hippo, see t-shirt 5013",30 x 15 ,,20 x 13,Cotton / Polyester / PVC / PP
8089,Skipping rope ,n/a,,12 x 3,Wood / Cotton
8091,"Soft mouse, see t-shirt 5013",30 x 15 ,,20 x 17,Cotton / Polyester / PVC / PP
8105,Heart shaped safety light ,25 dia,,5 x 5,ABS
8110,Rosewood ballpen ,30 x 15,50 x 10 ,16 x 4,Metal / Rosewood
8120,Rosewood pen set,30 x 15,30 x 6,17 x 5,Rosewood
8121,Plastic ballpen with black ink. ,50 x 25,,1 x 13,Plastic / Metal
8122,Water bottle with speaker ,30 x 30,,270 x 70,ABS/Triton
8123,Plastic ballpen with 4 coloured inks,40 x 15,40 x 7,1 x 14,Plastic / Rubber
8154,Wireless fast charger ,50 x 35,,11 x 7,"Acrylic, Aluminium"
8156,USB- Car charger ,20 x 10,,3 x 5,PVC
8159,Isolation blanket ,100 x 70,,210 x 130,PET
8161,Transparent water bottle (850ml,60 x 100,,8 x 25,"Aluminium, Tritan"
8162,Anti-stress power bank ,15 x 12,,4 x 10,"ABS, Silicone"
8163,Power bank with two wireless ear buds ,60 x 20,,4 x 2,Aluminium
8164,Wireless speaker with charging station ,50 x 25,,15 x 5,ABS
8165,Wireless foldable headphones,40 dia,,13 x 7,ABS
8171,Night light with sensor (not for UK and Ireland) ,40 x 30,,6 x 6,"ABS, Acrylic"
8182,Plush teddy bear with hoodie ,30 x 15 ,,30 x 17,Polyester 100%
8183,Water bottle (650ml,100 x 70,170 x 70,6 x 25,"AS, PP"
8185,RFID card holder ,50 x 35,,9 x 6,"PE, Aluminium foil"
8193,Leather wallet with RFID card holder ,40 x 35,,7 x 2,Leather
8206,A4 Conference folder ,200 x 100,,24 x 33,ABS / PVC
8212,A4 Conference folder ,120 x 80,,26 x 37,PU
8223,Double walled water bottle (550ml),30 x 50,100 x 80,7 x 27,Stainless Steel 201
8240,Stainless steel travel mug (300ml),100 x 40,,7 x 16,"Stainless steel, PP"
8244,Double walled thermos bottle (500ml),100 x 70,,7 x 28,"Aluminium, PP, Stainless Steel 201, Stainless Steel 304"
8249,Multifunctional safety tool ,35 x 15,,13 x 3,"ABS, PS"
8253,Plastic (ABS) laser pointer ,50 x 10,,14 x 1,"ABS, Rubber"
8258,Fish eye lens ,35 x 8,,6 x 2,"ABS, Acrylic, Metal"
8261,Laptop bag in a soft PU material. ,150 x 100,,40 x 11,Metal / Nylon / PU
8279,"Nonwoven, drawstring pouch ",100 x 100,,18 x 16,Non Woven
8288,Arm band with reflective stripes ,100 x 18,,33 x 5,"Velcro, Elastane"
8297,LED flashlight with key ring ,30 x 20,,1 x 9,"ABS, Steel"
8322,Plastic twist action ballpen.,40 x 20,,1 x 14,ABS / Silicone
8358,Bank card holder for one card,40 x 12,,6 x 9,PP
8368,Hobby knife with keychain ,40 x 10,,8 x 2,"ABS, Steel"
8371,Plastic LCD cleaner and brush  ,45 x 15,,7 x 8,Plastic / Velvet
8410,A4 conference folder,100 x 70 ,,26 x 37,Metal / Microfibre
8416,A4 conference folder,100 x 70 ,,24 x 33,Metal / Microfibre
8419,"Bottle opener, plastic ",35 x 20,,10 x 4,Metal / HIPS / Polystyrene
8432,Microfibre zipped folder ,100 x 45,,25 x 34,Microfibre / PVC
8438,Foldable Christmas shopping bag ,200 x 200,,38 x 52,"PP, Polyester 190T, Satin"
8450,Charger cable set with three plugs ,25 x 15,,1 x 1,"ABS, PVC"
8451,TPE lanyard and charging cable in one ,15 x 10,,90 x 1,"Metal, PVC"
8453,Wireless speaker with lights ,35 x 50,,9 x 12,"ABS, PP"
8454,Wireless charger ,30 dia,,7 x 1,ABS
8455,Plastic ballpen with light ,30 x 6,,2 x 14,ABS
8457,COB bicycle light ,30 x 20,,3 x 5,"ABS, Aluminium, Silicone"
8459,Wireless speaker ,25 x 25,,6 x 5,"ABS, Rubber, Iron"
8468,Plastic ballpen ,35 x 7,,1 x 14,ABS
8473,Charles Dickens® writing set. ,30 x 8 ,,5 x 16,Cardboard / Metal / Cow leather / Foam
8476,Metal rubberized ballpen ,40 x 5,,1 x 14,"ABS, Aluminium, Steel"
8477,Rubberized ballpen ,35 x 5,,1 x 14,"ABS, Aluminium, Steel"
8478,USB-C charging cable with key ring ,25 x 25,,19 x 3,"ABS, TPE"
8479,ABS+PC luggage trolley with aluminium frame ,45 dia,,40 x 24,"ABS, PC Film"
8480,Anti-theft backpack ,100 x 100,,42 x 11,"Polyester 300D, Polyester 190D"
8481,Stainless steel smart watch ,tba,,3 x 2,"ABS, Stainless steel, PC, TPU"
8512,Metal business card holder ,35 x 30 ,,7 x 10,Metal / PU
8517,Key holder and bottle opener,30 x 5,,6 x 1,Aluminium / Metal
8523,Bonded leather clipboard ,120 x 80 ,80 x 50,24 x 32,Bonded Leather
8529,Polar fleece reindeer blanket (180 gr/m2),100 x 40,,120 x 150,Polar fleece 170-180g/m2
8530,Flannel fleece snowmen blanket (260 gr/m2),n/a,,120 x 150,Flannel Fleece 260 g/m2
8540,Translucent plastic cutter ,60 x 15,,16 x 3,Metal / PS
8545,Plastic cutter,35 x 10,,13 x 3,ABS / Carbon Steel
8592,Document bag ,140 x 55,,32 x 23,PP
8601,Charles Dickens A4  folder,100 x 60 ,,26 x 35,Metal / PU / Nylon 210D
8603,Charles Dickens A4 folder,100 x 60 ,,26 x 34,PU / Nylon 210D
8613,A5 Bonded leather folder ,60 x 90 ,80 x 50,18 x 24,Metal / Bonded Leather
8615,A4 Bonded leather folder ,130 x 100 ,80 x 50,28 x 37,Bonded Leather
8617,A4 Bonded leather folder ,130 x 100 ,80 x 50,27 x 35,Bonded Leather
8619,A4 Bonded leather folder,130 x 100,80 x 50,25 x 32,Bonded Leather
8620,"A4 folder, excl pad, (item 8400)",180 x 120,,24 x 33,Metal / PVC
8622,"A5 folder, excl pad, (item 8500)",90 x 80,,18 x 22,Metal / PVC
8654,Rectangular metal key holder,32 x 12 ,,8 x 3,Aluminium / Stainless steel / Zinc alloy
8659,Key holder with bottle opener,20 x 15,,9 x 3,Iron / Nikkel plated
8661,Conference portfolio.,150 x 50,,31 x 35,Polyester 600D
8666,A5 Conference folder ,100 x 21 ,,18 x 23,Metal / Bonded Leather / Nylon 70D / Nylon 600D
8668,A4 Conference folder ,130 x 27,,25 x 33,PU / Bonded Leather
8679,Round metal key holder,15 x 15 ,,3 x 6,Stainless steel / Ripstop Nylon / Nikkel plated
8701,Bonded leather card holder ,60 x 40 ,60 x 40,13 x 23,Bonded Leather
8715,11pc steel pocket knife,30 x 8,,10x 2,Rubber / Stainless steel
8717,Bonded leather card holder ,50 x 30,,10 x 7,Metal / Bonded Leather
8722,Parking disc,50 x 20,,10 x 13,Cardboard / PVC
8734,Bonded leather card holder,70 x 20 ,,11 x 7,Metal / Bonded Leather
8735,Plastic cutter with ten blades.,45 x 7,,13 x 2,ABS / Carbon Steel / POM
8761,Triangular plastic ice scraper,30 x 30,,11 x 11,Polystyrene
8766,Aluminium card holder,70 x 40 ,85 x 48,10 x 6,Aluminium
9001,Paper hand held fan with plastic handle,45 x 6,,15 x 2,PS / Wood-free paper
9002,Tube for one pen,45 x 12,,2 x 15,ABS / EVA / PS
9037,Wooden cheese board ,70 x 50,,25 x 1,Stainless Steel 18/0 / PP / Pinewood
9078,Cotton sweat band,25 dia,,8 x 10,Cotton
9100,A4 nylon document bag ,200 x 100 ,,36 x 27,Plastic / Nylon 70D
9104,Self adhesive memos,25 x 50,,8 x 5,Cardboard / Paper
9114,Cap with sandwich peak,70 x 30,,18 x 13,Cotton Twill 23x23
9120,Cap with sandwich peak,70 x 30,,20 x 26,PVC / Cotton Twill 23x23
9121,Card cover with 12cm ruler,60 x 15,,16 x 5,Cardboard / Paper / PVC
9124,Key wallet,60 x 30,,11 x 7,Polyester 70D
9128,"Cap, cotton twill",80 x 40,,18 x 13,Cotton Twill 23x23
9137,PVC poncho in a plastic ball ,35 dia,,6 x 13,ABS / PVC
9139,Poncho in a plastic football,30 x 10,,6 x 13,ABS / Metal / PE
9218,ABS telescopic selfie stick,25 x 8 ,,5 x 30,ABS / Nylon / Stainless Steel 201
9219,Selfie stick with push button,25 x 8 ,,5 x 32,ABS / Stainless Steel 201
9327,Foldable travel trolley ,150 x 150,,35 x 57,600D/EVA polyester
9381,GETBAG shoulder bag,70 x 70,,26 x 8,Metal / 1680D/PVC Polyester
9383,GETBAG backpack ,70 x 70,,30 x 16,Metal / 1680D/PVC Polyester
9385,GETBAG sports bag,160 x 100,,60 x 29,Metal / 1680D/PVC Polyester
9387,GETBAG laptop bag,120 x 70,,40 x 31,Metal / 1680D/PVC Polyester
9446,Wine stopper ,22 dia ,,5 x 8,Glass / Metal / Silicone / Zinc alloy
9504,Foldable translucent poncho ,130 x 90,,13 x 9,"PE 0,022mm"
9507,Vinyl poncho with hood,210 x 145,,22 x 20,"PVC 0,10mm"
9513,Nylon windscreen cover ,70 x 30 ,,18 x 9,Nylon / PVC
9534,Lip balm stick,35 x 13,35 x 45 ,7 x 2,ABS / Wax
9539,Plastic hand clapper,30 x 20 ,,9 x 18,Plastic
9620,"Beach ball, 35cms deflated",130 x 65,100 x 50,Dia 26,PVC 0.17mm
9643,Inflatable thunder sticks,280 x 70,,9 x 58,PVC
9648,Inflatable  beach ball with globe print. ,50 x 30,,Dia 26,"PVC 0,18 mm"
9651,Inflatable travel cushion,50 x 30,100 x 70 ,41 x 25,Cotton / PVC
9655,Inflatable football,60 x 60,,Dia 43,PVC 0.17mm
9672,Classic fashion sunglasses ,50 x 7,,14 x 5,PVC / PC
9674,Sunglasses ,30 x 5,,14 x 5,Microfibre / PVC / PC
9676,Fashionable sunglasses ,40 x 10,,14 x 6,Plastic
9727,Pencil case,80 x 20,100 x 30,21 x 8,Nylon 600D
9882,Travel bag in a soft PU material.,110 x 110,100 x 100,48 x 28,Metal / Nylon / PU
9909,"Football ballpen, blue ink. ",45 x 7,,2 x 14,Plastic
9915,Smoke detector alarm ,40 x 20,,10 x 3,ABS / Stainless Steel 201 / Steel
9966,Ballpen and rollerball set,35 x 20,80 x 30,18 x 8,Aluminium / Cardboard / Plastic / Metal / Satin
9970,Plastic rollerball ,45 x 20 ,,13 x 1,ABS / Chrome
